,meanValue,medianValue,stdValue,sumValue,totaltx,inputDegree,outputDegree,price
2020-01-01,174101671.14708936,1650985.0,43429139562628.0,2231915306.765841,28600968.8576,393666,562789,7175.68
2020-01-02,235794801.5145565,3051717.0,70212853841791.0,3588339896.7688737,68282971.9003,507301,691488,6944.33
2020-01-03,319861209.8717292,2877000.0,101007372159344.0,19698637687.24573,136870284.592,530257,715906,7326.35
2020-01-04,230218155.54145247,2142651.0,66414945037687.0,4072300818.3359313,50181826.9238,465042,652549,7347.89
2020-01-05,194018691.95559663,2000000.0,55614487955612.0,3419892630.4875326,48177558.2909,465850,651640,7351.57
2020-01-06,366003104.1557727,3850130.5,109838995569564.0,6873166110.443731,114010548.1248,526351,689192,7759.24
2020-01-07,230074333.39424133,3369499.0,79226096704307.0,3331083380.1094937,210649283.9079,593046,788218,8165.47
2020-01-08,281948241.66540694,4163777.0,89228441988093.0,4394577078.690602,224003807.3735,548536,707302,8042.65
2020-01-09,374831836.48510575,3522508.0,121099920067935.0,27333964505.992397,108323770.4736,562219,710009,7817.92
2020-01-10,273329292.03257626,3802068.0,90532948094906.0,3995377145.18131,153599795.4414,564354,743633,8184.66
2020-01-11,190933130.4364232,2183892.0,58945066961463.0,1849444216.133921,75103205.4975,495222,684947,8021.49
2020-01-12,176386318.20284098,2082039.0,49830369596530.0,3457309214.018554,39375157.8458,448052,623366,8173.97
2020-01-13,235445619.05858383,3233876.0,68880793083684.0,4006825059.818338,68769719.304,497050,654013,8105.24
2020-01-14,361372481.3265426,4069903.0,125092698135996.0,24622257312.21523,322001233.9342,624896,766661,8842.42
2020-01-15,479481014.6279269,3320923.5,159642244858339.0,37697771657.85707,162415225.6691,574445,742812,8813.89
2020-01-16,272850330.8428573,2648737.0,88988225452082.0,21945295397.841568,113463579.9655,549378,724245,8722.03
2020-01-17,343355193.4105814,3177618.0,111235065233259.0,29854014368.03513,172392198.5178,551970,720805,8900.34
2020-01-18,175417096.0608919,2118016.0,50376457063863.0,2110441464.2959285,73102474.796,470168,635724,8910.85
2020-01-19,222337076.81883836,2163500.5,63175746355612.0,22522553845.573204,171406582.848,469205,626906,8703.36
2020-01-20,311319006.90498203,2702043.0,97775026541627.0,29685391768.80653,78615695.3157,528543,694873,8626.47
2020-01-21,212196783.131312,2906408.0,66744588362906.0,2991660388.2409763,80118406.4526,539451,694339,8722.26
2020-01-22,272111351.0256548,2409305.5,89095786998224.0,20942551751.53721,62159413.0416,570977,716898,8658.94
2020-01-23,263265909.1295698,2448608.0,87286075437818.0,17972444509.30703,140040083.6177,566204,724473,8388.11
2020-01-24,217752221.50852263,2571478.0,68371584527018.0,2921041284.3244324,103625698.6572,535983,691251,8428.17
2020-01-25,171252124.32650763,1812510.0,48949165948370.0,2282407141.311991,49103693.8912,458559,626942,8327.36
2020-01-26,220499098.64729583,1838881.0,57347846574386.0,5268082407.835905,90541442.5134,417608,568363,8588.42
2020-01-27,548230883.7651124,3841207.0,153678436644385.0,12425016157.32841,157722446.2734,479264,621175,8895.78
2020-01-28,302681062.3502554,3334497.5,102866764401859.0,5559109076.631,187574422.5035,604515,739693,9385.69
2020-01-29,259806516.29110023,2723614.0,88371627677320.0,5394604944.390983,132156743.7492,572103,742305,9279.81
2020-01-30,438903099.9388638,2620889.5,145822043729888.0,17584669824.986767,175049334.3105,565105,728693,9502.37
2020-01-31,359678769.5369397,3038632.5,120533391174602.0,26916516910.551624,106765634.8728,562585,741107,9333.77
2020-02-01,266872586.8663631,2287979.5,80708675210473.0,18325195523.797222,36660829.428,491462,665631,9378.09
2020-02-02,238480324.4496882,2257607.5,69673934630572.0,4004690257.575485,66403963.968,483049,641880,9314.56
2020-02-03,481630768.5817195,3094123.5,159271442123826.0,45127251422.80418,108746958.8123,559393,727663,9284.51
2020-02-04,290904433.1540943,3470630.0,90096884705454.0,17427068653.549892,90649388.5674,539599,685032,9162.14
2020-02-05,230482725.10321215,2755766.0,84797360358173.0,4160644974.379437,163509451.016,624634,801827,9614.9
2020-02-06,500369145.9373087,3340285.5,158232735758047.0,23475093551.43145,152115909.0028,542220,701381,9755.66
2020-02-07,494143107.8504602,3567107.5,165340283886764.0,29120463991.65387,87939405.4854,576307,740729,9807.54
2020-02-08,241619163.45236853,1999365.5,76774972425317.0,6070263001.075933,75572303.9296,525994,697461,9907.12
2020-02-09,179552348.03415984,1866616.0,56961905099749.0,2376875584.210244,107419112.6784,519763,693429,10162.41
2020-02-10,351167522.36564016,3384334.5,104639493644424.0,13595075071.140871,155424327.7455,505431,666880,9854.79
2020-02-11,279357767.7213081,3200000.0,102021177414054.0,8532001344.168021,190105216.3952,645436,797393,10275.38
2020-02-12,318378975.9067562,3738820.0,109901875451205.0,5512247820.598038,161983394.001,594496,763908,10354.3
2020-02-13,313663200.9837076,3692276.0,106830235959840.0,4973384236.323864,198094127.1122,610438,754699,10242.43
2020-02-14,324649128.81035423,3182442.5,105757700201261.0,5394913429.67263,122708338.3057,541246,729598,10368.53
2020-02-15,265961754.70877105,2440092.5,85928519481838.0,4640323679.685709,113915188.2558,544748,712555,9904.17
2020-02-16,333547192.8157907,1755974.5,97482502572343.0,18883466423.960037,85454123.7067,469782,643905,9937.67
2020-02-17,375130990.01186633,2878005.0,127811629868923.0,22508990778.325813,119040244.1746,582071,756010,9703.93
2020-02-18,318601599.47861946,3136412.5,105427818080271.0,32028256236.171917,138390971.1945,578915,733535,10180.65
2020-02-19,410069908.5765249,3217425.0,137328721753101.0,17624656457.70035,186474102.0448,585884,742332,9604.72
2020-02-20,328079013.00475574,3674572.0,103754987862754.0,12740985170.160551,128769390.754,533412,708155,9606.86
2020-02-21,243919544.8051094,2864267.0,82798977323184.0,2703034496.833204,79370095.0346,562832,755304,9696.58
2020-02-22,188273841.8882517,2036881.0,57123224998105.0,4195614123.619459,34324865.7888,486829,673857,9669.63
2020-02-23,237597026.49584308,1924692.0,68188445828095.0,2559587984.716625,64282324.0134,463746,635436,9989.39
2020-02-24,245023047.4909991,3133853.0,80386671374752.0,5137068151.720137,116289798.6375,548611,736572,9663.75
2020-02-25,260426398.3932007,3074584.0,87251958385666.0,19509461065.49887,114160526.829,554967,750183,9309.15
2020-02-26,269668503.57591844,4165047.0,89045348886279.0,3190456405.609456,206929921.0304,566929,740943,8785.52
2020-02-27,288542885.9885724,3693109.0,97564140410658.0,14445690273.037031,147977054.9632,576754,755164,8804.72
2020-02-28,273313218.85952115,3200726.0,100489344491299.0,13876802951.60883,123840827.84,612047,822717,8712.35
2020-02-29,206711886.0411715,2679831.0,63818780713149.0,4242871215.097272,42866205.1042,498956,687405,8531.42
2020-03-01,183081191.70091844,1858765.0,56792334909200.0,3691899763.1285152,70749037.3753,498354,689279,8534.17
2020-03-02,240457301.4781941,3810582.0,82356385298980.0,3472948819.4320946,111268001.3928,580087,766550,8912.82
2020-03-03,230784423.8188596,3702217.0,79087514198485.0,3773334113.8214,85149525.727,587647,765485,8754.34
2020-03-04,283152163.6971012,3437177.0,100891929512060.0,29852715855.676315,70042032.863,612662,787760,8758.9
2020-03-05,243465877.45588344,3634462.5,85639122395107.0,4128741780.386159,122314466.7311,599781,778264,9067.39
2020-03-06,280904124.0071363,4049512.5,94510192522201.0,4622951638.378395,83522225.9936,588610,746672,9155.89
2020-03-07,196007877.28520444,2509614.0,61839113228341.0,1454573946.8377512,59230883.0334,528349,702188,8898.63
2020-03-08,205400393.41345108,2242936.0,62167920873269.0,2128732786.4355736,149933311.4868,498477,673561,8039.38
2020-03-09,352002754.0958063,4271876.5,122244924453408.0,4916195395.649978,223121982.1464,603530,774232,7931.94
2020-03-10,322810844.0258015,4567311.0,106508855499561.0,4534574808.12723,155835851.2678,567547,738682,7885.46
2020-03-11,593232810.6989602,4413061.0,170932915609177.0,40975809831.48263,130840913.439,489430,651667,7936.65
2020-03-12,671767219.9023575,6606014.0,234486394011897.0,20583920339.3356,574694714.8404,642180,799215,4830.21
2020-03-13,850530127.308839,11869265.0,235587489433148.0,13720627350.212751,684475988.6524,509101,677975,5609.03
2020-03-14,402712216.2734048,4598077.5,112331740182871.0,6868611794.524351,158994389.6178,519715,646140,5166.26
2020-03-15,384166751.5898874,4335194.0,86037217352568.0,5143467526.301972,201009885.676,410408,526734,5348.44
2020-03-16,592777100.5567243,8250190.0,160211052521667.0,9709240536.035326,379747427.5455,496675,643322,5026.35
2020-03-17,542084653.6414514,7640113.5,151054057075805.0,15862934988.77438,222784692.9885,521989,661922,5357.61
2020-03-18,493684625.6716628,8269406.0,114361549852215.0,13180653020.312954,246280973.4105,405247,563626,5410.23
2020-03-19,496789401.9736159,8372500.0,131991976210370.0,9546888840.12004,343510892.032,475659,632319,6195.2
2020-03-20,472060650.7571164,7389957.0,134028404084262.0,18314750027.71271,382708757.244,504945,667384,6226.44
2020-03-21,283001441.8966101,4184768.0,69700708126158.0,7181939511.683211,161732857.492,456596,580182,6189.85
2020-03-22,391053046.59300894,3459362.5,81823157363028.0,22423833018.33116,155141963.114,367708,499295,5822.62
2020-03-23,398738774.337651,5788859.0,103524149242510.0,4765538208.5989895,284307011.0216,462520,607990,6502.16
2020-03-24,500594792.96747607,5014350.0,138555127392331.0,24639451232.0227,284016940.7236,511616,650608,6768.49
2020-03-25,409561386.88815135,6482321.0,89771350830627.0,9186021156.44776,226038996.8232,377347,534367,6698.46
2020-03-26,298054799.79247344,4315053.5,87342574640786.0,5035132966.546669,97401178.9625,545319,682222,6763.75
2020-03-27,379261181.4125807,4424309.5,104282412963566.0,7979306999.432162,148443297.8847,499151,651175,6369.09
2020-03-28,291379629.00021565,3848593.0,70265323394515.0,3640918806.12361,142726744.923,422975,584424,6260.95
2020-03-29,277552810.9804653,2911381.0,64604857600679.0,3781033904.516958,103365161.5595,402507,555070,5885.41
2020-03-30,364789967.0141511,4732286.5,101282475181611.0,14356486808.702175,186301830.9298,501739,656324,6405.29
2020-03-31,361962785.11341697,4676224.0,105103495876168.0,19314269993.007675,89947515.0516,529565,681633,6428.28
2020-04-01,361120265.117744,4872904.5,101514517727249.0,21107844244.753265,168238042.6748,525989,662885,6652.87
2020-04-02,338120236.0390038,4894050.0,101564894621632.0,4016531546.366293,279129046.5117,557923,707001,6809.11
2020-04-03,347668883.89853233,4841979.0,96508014805858.0,8435613539.973819,165881487.018,504061,656311,6741.67
2020-04-04,340579100.76661867,3062856.0,86765591132203.0,7462768205.16693,95099723.0015,454315,599439,6871.69
2020-04-05,227030909.6343533,2815267.5,54474250519486.0,4016173088.3475833,61737463.0944,414559,564918,6777.44
2020-04-06,387932970.4772338,5045039.0,109029725151538.0,17581800929.13619,215734110.432,499728,663638,7343.2
2020-04-07,375818983.569139,4224737.0,116587692539769.0,22238606823.37994,180411335.9565,561148,725426,7205.55
2020-04-08,265055621.58910987,4116874.0,76463510771648.0,3436636283.188835,143615580.8898,511534,681213,7365.03
2020-04-09,383841124.0349654,3925680.0,110183513859857.0,23530172587.36737,118207885.6503,513789,674562,7293.69
2020-04-10,377566878.1020896,3932650.0,108861970128785.0,30752272899.279716,170978168.3808,507266,681480,6873.24
2020-04-11,244296198.3557552,2989121.5,60509725370737.0,3574275982.36068,59502005.484,432075,588735,6891.6
2020-04-12,214046623.178747,2871607.0,48900449391547.0,2221151097.456862,112654904.1387,400034,544583,6915.37
2020-04-13,342938542.4771887,3661015.0,98711430066634.0,28126540182.60556,170118314.503,510383,679179,6857.66
2020-04-14,257740133.45229772,4499455.0,77223841044844.0,3624771498.8326616,107004164.2425,548695,707694,6871.95
2020-04-15,281251459.67145705,4304084.0,87049858031453.0,4121919893.032138,112529486.108,569482,734635,6623.8
2020-04-16,343200873.73623955,4665097.5,110888202304179.0,6590596463.357711,256066115.0861,575930,764198,7112.27
2020-04-17,331024835.09104013,5001814.0,94133201330004.0,5775542338.068336,114895300.8069,509412,680598,7034.89
2020-04-18,211546679.45814028,3226978.0,61089180813845.0,2702027085.9236994,80410551.4416,525545,684657,7259.36
2020-04-19,219232174.81134525,2928870.0,55567244724208.0,3573240013.932246,64645648.4664,454730,608012,7130.04
2020-04-20,268251085.82974944,4250000.0,83133157507326.0,3700682994.887031,151878158.0712,564651,742692,6840.24
2020-04-21,259529797.4432921,4308482.0,80857286982850.0,3269793976.084906,90394537.9036,551208,740920,6852.52
2020-04-22,310493039.87769955,5364182.0,86478210973697.0,7416676921.906281,102205555.9641,482667,673106,7130.99
2020-04-23,280573314.85769063,5303551.5,92198635848756.0,5200229176.754415,202186228.192,609211,769538,7477.6
2020-04-24,395985219.4944863,5125778.0,126722793957406.0,18356869392.233,130187406.006,581153,753245,7507.08
2020-04-25,215828929.69739175,3950604.0,60647281758178.0,2109680395.8755465,50386100.4416,528244,659142,7549.52
2020-04-26,210045488.0223961,3510399.0,53120713966352.0,3263107911.8547945,82965485.6952,461813,603711,7699.27
2020-04-27,331156366.6337392,4841828.0,102837629250808.0,23941043752.985703,118631651.8972,561807,734745,7790.66
2020-04-28,271376123.46001375,4446133.0,88088418298997.0,3917723849.888409,102426644.0325,584563,767677,7765.33
2020-04-29,544776927.8500943,5475960.0,180016632815713.0,34283220291.472,471328360.4002,591743,777846,8777.63
2020-04-30,625714066.0266244,6446000.0,201525606387393.0,18309454317.843792,479861000.0475,585516,762682,8628.77
2020-05-01,314186580.7736045,4767412.0,106679854195612.0,5247668283.593836,209464777.158,617966,788018,8824.66
2020-05-02,191929937.4180833,3991631.0,55286378122966.0,2179939958.2202377,111964108.685,533179,676352,8973.82
2020-05-03,258606888.8461678,3386676.5,72651984924887.0,21805593321.11349,175862717.8055,536501,656004,8903.95
2020-05-04,279876298.1492015,4518588.0,91077065067415.0,4418571304.233727,186639007.4084,579054,762633,8885.93
2020-05-05,331819506.8804458,4623242.0,109539591972359.0,19759128591.30634,182897440.2792,603690,774498,9030.96
2020-05-06,304402590.4556151,5122529.5,101440336853791.0,5447834502.190228,286155701.8305,610237,777497,9170.79
2020-05-07,387475275.23397607,5368607.0,132650998050526.0,18419544226.09376,500733651.156,630047,798027,10002.48
2020-05-08,411860718.6673237,5613264.0,133533070345601.0,15800513657.828407,336643471.834,601071,759385,9821.8
2020-05-09,369338196.4593035,4061991.0,115208032959747.0,23491697875.9032,206048387.1605,581464,728187,9527.39
2020-05-10,279393910.9228921,4639509.0,79874528224191.0,3439962001.388463,536864808.2512,575904,676602,8754.46
2020-05-11,380032922.6804791,5162562.5,116512013567072.0,17150685613.29428,524377414.035,575775,734229,8617.25
2020-05-12,348546647.9812917,5019000.0,120372327613579.0,22198920869.19853,217646788.1446,624024,807411,8814.53
2020-05-13,376226572.97015655,5674500.0,111934553763508.0,16144635320.70334,235919563.5729,526372,709773,9305.93
2020-05-14,427261411.75666106,6400000.0,114608173828195.0,7074574499.126896,332519067.871,480020,646391,9790.31
2020-05-15,318741630.49024475,5714300.0,98985532090376.0,6306841735.393212,303595865.3108,564448,733297,9303.59
2020-05-16,198796033.0976436,3320816.5,59021747042558.0,3370754027.578323,116707143.649,574487,689686,9385.7
2020-05-17,245439663.67837307,4206862.5,58153492153299.0,3511020696.3865023,176082868.208,436871,565158,9669.4
2020-05-18,391021463.5442385,5100000.0,107013190056933.0,7800805872.695144,230169746.6235,507763,662871,9719.37
2020-05-19,434140965.74452525,5415550.5,118988487609328.0,16729891153.452208,228306109.2126,491114,653139,9785.74
2020-05-20,380531989.6770707,5636108.0,106361354838669.0,16582890980.907743,231513104.0482,507102,665826,9510.67
2020-05-21,328299649.50861907,5274718.0,98081490088597.0,15582358314.053156,302921371.08,568999,708089,9057.57
2020-05-22,356080582.68298966,5769176.0,99518469489990.0,6513185646.722719,137706362.7804,497710,675789,9167.26
2020-05-23,203875704.34307256,3738052.0,54922483744389.0,2357759339.782334,69573042.348,505860,631187,9178.32
2020-05-24,282876202.2854715,4247150.5,60923047686222.0,17571693482.179478,151515271.1025,408593,527267,8730.73
2020-05-25,410293923.7701158,5276019.5,108978989680428.0,25924262600.553192,151521072.3334,495670,646473,8899.66
2020-05-26,324438620.85154283,5004235.0,95609141617362.0,7865406682.712082,120113138.978,527529,700218,8842.85
2020-05-27,375502395.11573833,5214326.0,110111946841344.0,16040981925.76642,148428061.012,550158,699738,9197.54
2020-05-28,279112698.29382133,5148561.0,83783770661141.0,5017410906.751211,193513827.6855,552030,709704,9569.21
2020-05-29,372575449.7741806,5206597.0,104713075309933.0,18713668572.640915,144086661.3976,527063,678067,9425.98
2020-05-30,206784123.32659957,3265025.0,59134262531831.0,3230790589.7083173,132752538.831,548987,665441,9698.1
2020-05-31,289406653.16777813,2843535.0,74858793128337.0,20182993410.64373,99233158.4412,474097,616081,9450.84
2020-06-01,415882500.8767045,4894596.0,127606059509001.0,16677327427.228336,280975717.9806,564541,724190,10204.23
2020-06-02,505031118.87344486,6259039.0,153973382491017.0,14546681287.655334,429398121.4779,567815,729561,9525.57
2020-06-03,357179335.29379696,4988920.0,112174670504364.0,9390202331.85433,128440438.9324,591743,741116,9658.04
2020-06-04,362784422.6647095,4875989.0,115050186744082.0,13524022334.72435,183077760.7168,587051,749122,9794.56
2020-06-05,324583752.94610405,4276700.0,106632903685360.0,12454947625.049784,139993515.4125,599421,776635,9623.75
2020-06-06,173765103.64687893,2829334.0,49205411929894.0,2050650422.656045,74040583.5477,503566,669983,9670.43
2020-06-07,180033807.53644657,2727557.5,45746230427396.0,2295012542.326789,129391452.868,465310,606066,9753.85
2020-06-08,309572619.2448314,4109166.0,97973232965985.0,8052594742.021593,111353754.5815,580622,752189,9782.59
2020-06-09,269100466.10068244,4685596.5,88249345053990.0,6511765388.499259,153220784.178,599501,780603,9775.15
2020-06-10,367567480.347618,4577604.0,119334825737138.0,10440072527.945614,158586968.0719,590985,776341,9892.13
2020-06-11,301148853.8231824,4604600.0,100457535807191.0,13963257523.001566,321867038.6074,628773,798979,9286.42
2020-06-12,259286101.73538464,4658125.0,81966300338895.0,3919751046.7379737,132333533.7363,584127,757743,9459.97
2020-06-13,207077784.76138264,3175759.0,58356797601390.0,3651736593.0120425,51803750.58,507219,673389,9473.5
2020-06-14,174311988.6250041,2308127.0,47840099590121.0,2244780507.5961766,63632383.6098,469915,654111,9330.07
2020-06-15,342154214.80773854,5008674.0,100994001739015.0,14630544337.41644,244968165.021,546894,716441,9426.7
2020-06-16,397671661.3687602,4894998.0,135812825790659.0,15316002326.938774,138860025.7,625468,811954,9526.0
2020-06-17,279715758.8943563,4988639.0,93316533756264.0,13588546512.825468,124106956.1473,607712,789348,9454.81
2020-06-18,277471764.8202328,5321200.0,77925447903879.0,14950043726.99209,74041735.8065,502777,682868,9380.03
2020-06-19,420152135.92558587,5035875.0,145873460376276.0,22092992896.55877,109732841.856,639281,817041,9300.15
2020-06-20,190819911.88675565,3415121.5,54097826659719.0,2419501655.565086,57461731.8468,508966,677395,9357.43
2020-06-21,182553991.46092245,2779579.5,47346473009339.0,2161627296.406896,36882860.072,464810,616409,9284.78
2020-06-22,320070166.7239161,5232798.5,96368646218237.0,6120100930.534034,134494787.057,540329,724143,9691.9
2020-06-23,379126079.9881528,5164478.0,134628808382033.0,8138521345.587338,102289235.2817,668772,836468,9621.49
2020-06-24,423679801.7206533,5081325.0,132513907904367.0,13831660911.123371,178365905.779,582175,750472,9276.58
2020-06-25,376984842.6281337,5366307.5,117864311047686.0,7795782012.591887,166531113.6115,573118,754437,9240.85
2020-06-26,370430333.3553828,4960538.0,122085317976267.0,19035570706.874527,141780368.2755,605660,788054,9154.45
2020-06-27,208565364.432017,3994736.0,57383631543003.0,2446942290.9990644,92221683.8292,497500,660880,9004.23
2020-06-28,259214218.00153685,3287265.0,68816449809266.0,4994681852.449381,59501520.5565,467199,638487,9127.47
2020-06-29,320076657.18493485,5219968.0,100953137906100.0,5151046424.080931,100083941.014,578191,752078,9185.35
2020-06-30,367662198.1826316,5549207.5,110287629588844.0,7522787084.966599,63158022.9811,555521,733342,9133.97
2020-07-01,285795913.3551123,5408149.5,109319794817464.0,3999742129.51804,98873138.805,710965,899593,9236.38
2020-07-02,300538600.2600559,5247509.0,101943895362612.0,5020894908.8966,107207537.5074,619619,806427,9087.98
2020-07-03,291001723.6984612,5242075.5,96367548816535.0,3974257496.7156143,57803290.9944,604010,786510,9072.42
2020-07-04,234939897.9796879,3671407.5,67872257007148.0,3069944724.2282376,38839661.8326,519773,687550,9131.31
2020-07-05,218608340.77525532,3137497.0,59905462230984.0,3026601694.356103,50720848.7269,491041,647279,9089.09
2020-07-06,342471203.3001103,5199067.0,115819993772861.0,5691166777.124992,113743420.0259,627862,795803,9348.91
2020-07-07,287437481.8192807,5429588.5,99278606720525.0,4233541820.9813128,95242533.9588,620189,817631,9256.23
2020-07-08,314797100.7611536,5807658.0,109938795078523.0,6506919025.594499,121129125.3966,636060,826659,9440.07
2020-07-09,265445755.92154056,5248484.0,96036150926366.0,3574459624.1138554,98869845.9588,677042,847959,9238.04
2020-07-10,280296491.94222,5376789.5,96827862548456.0,4456503392.94829,79818144.576,632383,818530,9287.4
2020-07-11,201252360.7665048,3815363.5,62077498192593.0,2844811073.600048,30014745.7292,555284,728846,9235.96
2020-07-12,277007086.7680263,3124855.0,78121261603232.0,8006418150.611337,42610639.379,498855,661560,9295.9
2020-07-13,360559413.5207285,5764912.0,111854544059468.0,6500375058.260868,78223034.3433,555962,747427,9238.13
2020-07-14,251705227.4359274,5983056.0,90310828783101.0,4693783004.581154,88249714.542,652466,847080,9254.52
2020-07-15,265585133.4149221,6095833.0,83921449552381.0,4646912730.067247,83393685.6643,573206,764844,9193.51
2020-07-16,282930955.1586983,6567598.0,98123001627633.0,4472577985.710744,88531436.7,633339,828312,9131.0
2020-07-17,289792573.2671741,6783082.5,85052381498476.0,4439676190.662055,71682525.5883,514539,711517,9154.19
2020-07-18,211672957.16559452,5278508.0,65844471766630.0,3054202726.1855307,29934693.3054,585131,729505,9174.71
2020-07-19,236151124.6861618,4311067.0,65436295894912.0,3552762748.853238,32799397.9768,530444,650949,9214.66
2020-07-20,292252729.2624951,6033538.0,90581103160347.0,3428252683.433986,59994848.8643,561028,742438,9163.87
2020-07-21,283621251.2942344,6909729.0,88865628561766.0,3606905555.735156,114760459.146,570414,761169,9392.66
2020-07-22,260012882.64719623,6308003.0,94597106926055.0,3535910610.2350507,103269918.086,659563,853903,9537.4
2020-07-23,303335216.5838073,6324873.0,102022856740148.0,4175814115.16746,168395155.0164,616350,800663,9613.11
2020-07-24,278549257.1178711,5254366.0,102816709041063.0,5051633358.407798,128787740.2896,696174,861249,9551.28
2020-07-25,271277727.217415,5317706.0,79674539761482.0,4093816692.707038,83145125.8,565730,704312,9707.5
2020-07-26,245191803.0881056,4490061.0,73369233621660.0,3959798582.0178456,169823595.5504,575777,701727,9938.83
2020-07-27,383050084.4486242,6978504.0,125329007980492.0,5685908742.25726,569642411.592,613920,784133,11042.4
2020-07-28,353906901.2818842,6587202.0,125416112048669.0,5656965268.846733,352662968.6388,646663,837810,10934.94
2020-07-29,325594377.4337542,5264824.0,113026506587976.0,5040121173.330791,253835681.0886,649125,824063,11102.67
2020-07-30,319108502.9429675,5517482.5,104641422068052.0,5062963720.958564,201165672.4417,593006,786748,11114.93
2020-07-31,286593076.7045551,4816298.0,102259562292029.0,4607742172.522803,222815243.1332,668675,841332,11343.88
2020-08-01,286939687.56749195,4939732.5,84718942754302.0,4334629999.527245,240815458.968,554978,709806,11823.69
2020-08-02,275547668.57902986,4000000.0,79278921917547.0,4291473673.378081,289592847.786,559697,689949,11077.77
2020-08-03,339036497.1800196,4731646.5,113291757824681.0,16699653666.023617,159671026.4652,638896,800043,11242.57
2020-08-04,301018158.8124548,4922214.5,99005474469734.0,4800606718.869306,122455803.7725,603844,791971,11194.25
2020-08-05,344490807.42977256,5781811.0,100792842891840.0,7304518631.794047,182136390.168,552799,718494,11750.28
2020-08-06,329954546.9658409,4851500.0,117534758947437.0,17051905415.966043,203809369.9392,690137,841222,11772.94
2020-08-07,314774285.9866493,4437916.0,102773489600355.0,5743344309.216286,215793133.728,620836,789744,11605.6
2020-08-08,283993526.5703328,3993070.5,80680288950419.0,13664528332.728975,86008564.668,549801,684740,11767.6
2020-08-09,259910060.16687268,3488563.5,69810282700461.0,5524058682.094941,59683346.886,498247,650235,11684.06
2020-08-10,333306403.29402226,5629956.0,102744698573012.0,5251142485.964745,218397180.6838,566268,752025,11893.03
2020-08-11,296235393.7883928,5000000.0,103480059051980.0,4810615974.779786,249861736.7918,653870,833453,11392.43
2020-08-12,281243825.148379,4672145.0,97412455009868.0,4388078162.471365,141688775.6123,641183,828876,11573.11
2020-08-13,277821689.2482528,4696424.0,90436238462402.0,4284171646.034716,161732026.4091,586990,790445,11777.43
2020-08-14,396310967.79485226,4219473.5,145059325676143.0,7899055560.369153,131449767.039,680632,873284,11774.38
2020-08-15,455904694.0790285,3392069.0,142998610440134.0,10451493144.864635,101333020.2792,585258,754762,11873.98
2020-08-16,642903492.4163398,2947356.0,183683313914780.0,18256283661.94635,63773670.1483,516766,688086,11914.01
2020-08-17,998070094.5009996,5046226.0,292100184207135.0,26761634249.63091,253521339.7144,518111,721992,12293.72
2020-08-18,601879367.8912383,5479680.0,207588795865056.0,18287898147.518684,217771115.2187,626768,828076,11969.53
2020-08-19,567911135.8843998,4942349.0,190593816758484.0,17178119899.119549,208815095.82,607302,810682,11734.0
2020-08-20,549379484.7031523,4455439.0,182591216156455.0,16593858277.15178,96746302.1552,617140,795441,11865.82
2020-08-21,475157569.869373,4938436.5,149632820642704.0,13867294779.427904,153928936.99199998,592072,767239,11522.8
2020-08-22,432459567.62938696,4260693.0,134572335795345.0,14729857470.98546,85029155.46000001,576599,738472,11683.44
2020-08-23,474780230.0565263,2990467.0,137135046869297.0,16628010803.504623,39027595.4028,523796,689905,11653.02
2020-08-24,574712323.3160137,4324109.5,189119434808954.0,17492612742.95157,75749356.9416,588296,790564,11763.93
2020-08-25,526217197.3512259,5190897.0,160087374429782.0,15211223029.706505,168869325.88599998,548392,752700,11337.4
2020-08-26,600835932.9677812,4657185.0,195269875706730.0,18265464294.641197,104337127.35570002,602108,782744,11467.37
2020-08-27,609777698.0126753,5460000.0,199501579236505.0,19466717602.50473,152064701.8666,574456,793286,11302.01
2020-08-28,619323044.5092069,4642045.0,218786393964634.0,20916520809.7822,125753228.67,673891,840882,11534.75
2020-08-29,590239210.8909606,3963124.0,172655593491402.0,21345185967.01131,48056174.58719999,545241,709796,11481.64
2020-08-30,651350580.9330317,3791063.0,174926712015375.0,23536586592.77589,54121905.8394,492370,653685,11707.78
2020-08-31,893522004.3545072,5640289.0,271862111522898.0,28342160363.30577,102290923.3541,551398,756404,11659.57
2020-09-01,700575913.5598199,5105015.5,263331073237038.0,25578151001.40051,176627448.525,688276,900760,11923.25
2020-09-02,727466328.2285808,5511693.0,230755956645747.0,25280518298.979923,265432700.672,580942,786266,11397.44
2020-09-03,885078731.5096588,6559412.0,275863994273125.0,31302591100.94508,361418115.3909,578172,776216,10187.51
2020-09-04,892121224.194098,7122253.0,265428367228349.0,28458179382.814453,310980390.1567,570691,758223,10467.89
2020-09-05,740043810.5333047,4601665.5,241113673909856.0,27877092256.95548,222072428.23080003,621841,788567,10159.62
2020-09-06,873292620.949879,3745393.0,229348474576962.0,32868507639.90008,89153592.5889,520099,641867,10254.93
2020-09-07,911774766.9816556,4533080.0,298368262972310.0,32632236985.294662,153205856.4958,634478,794210,10367.74
2020-09-08,816296948.1396276,5000000.0,271680766576779.0,31019692870.785168,194156867.12160003,612014,811711,10121.52
2020-09-09,1017844992.3988816,5244348.0,321055792417402.0,36289069291.89272,113383268.7008,566760,783061,10227.83
2020-09-10,1005172384.3256204,5000000.0,347188551890838.0,38292010659.07553,147055601.2892,661818,846193,10352.66
2020-09-11,1019991421.9683236,5576186.0,314595954277690.0,35855212892.20325,101653161.4472,579886,775618,10395.44
2020-09-12,858159134.749136,3430885.0,257990955157037.0,34650337579.80609,57857607.940000005,557153,732428,10446.44
2020-09-13,1027790452.1736556,3309128.0,261665171218891.0,39990080011.23835,81937985.7165,478318,639830,10330.77
2020-09-14,782238794.0626525,4584327.5,275864333114135.0,33789410989.51352,143525658.62719998,649448,852531,10674.64
2020-09-15,849150249.8538742,5299363.5,284760837987997.0,35930760546.5564,135273030.3276,605300,833367,10785.62
2020-09-16,911227975.5955812,5000000.0,310859956506579.0,38412761847.13134,154480376.5826,640064,835868,10948.43
2020-09-17,1179599218.6309853,4472906.0,412469279179478.0,46581312416.31433,117116914.3462,666535,854340,10943.89
2020-09-18,1149646401.686308,4666036.5,373943185783702.0,43323191284.008606,88269394.26240002,596886,803547,10931.79
2020-09-19,972884914.741716,3891760.0,287849405494461.0,40143543630.20787,54811966.3947,562691,719993,11081.43
2020-09-20,919689875.0122443,2882245.5,238477423970425.0,38942165536.30933,69233310.9125,489991,643717,10919.65
2020-09-21,1153591133.112921,4976105.0,343121839450841.0,43306955147.37769,193630537.917,537626,738806,10430.46
2020-09-22,890107390.8975581,5585425.5,278201284810250.0,35536789653.15387,99403513.6488,576018,774622,10532.22
2020-09-23,764554784.1452363,5040978.0,267601055443890.0,32178733458.130333,124490884.2376,634525,842813,10234.48
2020-09-24,745262729.6243172,5718163.5,236562786162810.0,31402724912.052944,124807106.4971,585054,779670,10732.43
2020-09-25,805355930.2910086,4754109.0,283263814581605.0,34099074921.662685,129716552.8944,677704,847999,10692.84
2020-09-26,869336101.8873942,4188501.0,240714819932110.0,38068319065.50703,48519033.92,531364,681085,10732.4
2020-09-27,788971311.5381376,3332995.0,205096248319585.0,35821652371.97414,50063044.872,472543,642471,10774.24
2020-09-28,784883505.9990841,5238858.5,232232901522021.0,34026927803.617977,109557462.4188,535578,733530,10692.33
2020-09-29,737943970.8862128,5261917.0,255624529458955.0,32780894819.035706,89865245.23200001,634912,844051,10840.8
2020-09-30,692533438.5315384,4968649.5,243299462558023.0,31928503661.357468,89894642.8896,670587,856646,10777.92
2020-10-01,633262700.8787298,5983613.0,193169187750646.0,28902507921.173374,183013787.4308,549043,761980,10619.24
2020-10-02,864760788.6603332,6151010.5,273527296496418.0,35663848782.35236,150343724.50919998,575650,786144,10575.06
2020-10-03,691614040.6629072,3781926.5,214386520324688.0,35061230965.29473,31477196.1224,591386,739900,10551.77
2020-10-04,709358322.6479223,3219968.0,190656364453050.0,36333560858.62296,31512003.1002,516032,662005,10673.46
2020-10-05,692496508.9042182,5143388.0,203833577409921.0,34072442350.4844,78412225.0504,542026,725984,10788.56
2020-10-06,674493123.1913571,5533300.0,214751190999773.0,33121562804.250404,103826838.3222,578288,781885,10603.74
2020-10-07,584863794.4147569,4700000.0,216880361972469.0,29700470364.892345,102699834.104,687061,881017,10670.8
2020-10-08,596199466.7915615,4795641.5,196411952339812.0,29166396101.36538,142856446.66199997,616350,798297,10923.3
2020-10-09,812737771.2408656,4949523.0,275601003703320.0,37554407408.326485,120551930.5773,626610,823779,11063.19
2020-10-10,624746742.2992076,4001383.5,186379446136638.0,31472709399.21339,97927463.147,574538,719498,11302.67
2020-10-11,844525298.4870635,3071956.5,216933213422372.0,40423661116.720505,60215827.8995,471344,635131,11376.61
2020-10-12,689639557.6301961,4482132.0,216784746743264.0,33701894750.043083,166313556.27480003,583787,757680,11540.04
2020-10-13,684891133.1941551,4516416.5,227935878473814.0,34854267651.24585,117568933.2592,632016,808805,11428.24
2020-10-14,765762754.7864379,4735008.0,241505491841792.0,38190945430.451126,93932070.9456,577069,770850,11431.32
2020-10-15,759493792.2343748,4691877.0,259062573037353.0,37418214685.87987,111854678.0582,638015,831230,11503.73
2020-10-16,726818628.2966604,4717146.0,235290814082593.0,35877176442.59534,109053461.5582,605989,795282,11327.57
2020-10-17,881373951.8510491,3599585.5,242800896255927.0,43059266977.70529,34142836.4031,511209,680955,11366.51
2020-10-18,916575796.8079244,3659243.0,212595173190614.0,43913154178.63815,29716243.876,426413,580211,11508.2
2020-10-19,1134321944.4085383,5077820.5,343552087303014.0,46936939268.8949,139587584.348,550898,739450,11758.16
2020-10-20,1284049037.3678713,4990837.0,425874123978615.0,52909738796.41943,167903083.01479998,604274,803462,11925.46
2020-10-21,1207431556.3154676,5577824.0,375065671769830.0,48531888909.19146,486931525.6176,591072,758120,12831.56
2020-10-22,1182439334.5073557,5541480.0,401316362813793.0,48392703410.93552,234841376.77,617272,821012,12990.25
2020-10-23,847545521.2734485,4744560.0,273382588250921.0,38179864447.7646,151273932.4116,605379,790717,12944.52
2020-10-24,613410214.1899544,3110778.0,188781900698672.0,36615684344.57873,69928610.9054,618355,739025,13128.46
2020-10-25,665580414.1095299,3525382.0,160929357166715.0,34367147074.45176,111062981.3517,461548,600003,13036.77
2020-10-26,1123076149.5838234,5687310.0,283799096847533.0,47104932547.89684,176006371.0356,454958,637266,13076.37
2020-10-27,993499787.3892832,7176752.0,250621249866608.0,39390805622.56848,325461283.4025,431419,642205,13651.47
2020-10-28,1019359966.6462634,6776684.5,265922473218944.0,38903824961.49163,310741338.15,461559,651789,13289.0
2020-10-29,881814392.7600251,5918983.0,243560662537890.0,35327727929.89293,228409072.2456,491646,663578,13458.66
2020-10-30,884421263.6864026,5499269.5,237732435678905.0,36232771167.53581,265607933.7288,499507,646983,13564.72
2020-10-31,615897475.3386824,4497836.0,169410607259084.0,29034488963.80913,194274881.2584,512411,649605,13810.32
2020-11-01,770372194.1333355,3440027.0,212948593018919.0,35524803321.28182,81876480.6928,562941,641660,13758.88
2020-11-02,1129039742.818673,6341246.0,254154749386683.0,41501426429.89792,202098850.1063,423843,559775,13575.17
2020-11-03,967388320.7318932,4601797.0,320532511414664.0,41066475226.41616,213888432.2785,621280,769311,14023.31
2020-11-04,647195989.7672527,3953148.0,207942129924249.0,29463747064.558502,303936796.2285,624255,748196,14155.59
2020-11-05,972215381.3718668,5765023.5,310224206041949.0,39226594786.943,575483038.2308999,612152,749611,15591.39
2020-11-06,915190891.7433226,4635154.0,310332994672135.0,37086366558.127785,418654253.4993,662842,783462,15595.77
2020-11-07,587621790.3928874,3559229.0,159102713101407.0,27774211453.454327,320513832.288,560640,635184,14839.84
2020-11-08,614131637.3001013,3026962.0,149744331254521.0,29300692580.36205,168415197.354,495859,576290,15490.6
2020-11-09,657108067.2040983,3500019.5,214017469056106.0,27663442274.326065,392305674.1401,635219,756300,15328.53
2020-11-10,712600346.5986706,4224046.0,215692723309872.0,29635144633.073784,230269180.3512,567642,717801,15317.04
2020-11-11,639298650.6588668,3841532.0,206380947600298.0,28104850202.124657,298105721.52049994,610237,752062,15708.65
2020-11-12,603979579.0196855,3830834.5,196207598081177.0,26069003276.33438,478495947.4292,611552,757145,16295.57
2020-11-13,532258864.5100862,4100000.0,159843724118753.0,23269971907.5646,264263990.3617,566809,715691,16339.33
2020-11-14,686804474.1844716,3013653.5,187919319399510.0,31573179497.706467,163501040.4486,521382,649185,16091.07
2020-11-15,633551995.4814374,2474669.0,160311462728641.0,29481164755.90513,97292561.7456,476325,600106,15968.16
2020-11-16,1183300937.899933,3836620.0,369143743888201.0,42520363055.322334,293272996.4775,591249,732059,16725.15
2020-11-17,851156061.6742729,3988155.0,295496701087519.0,34425575281.46403,424743957.97920007,641552,803034,17679.72
2020-11-18,823109471.8059683,3822530.0,298447147834767.0,31906771101.69932,633847834.5785,698686,834767,17798.45
2020-11-19,746994914.7047577,3896584.5,232276574737615.0,29753150898.76768,358043942.4177,585843,733450,17820.57
2020-11-20,712606213.1612623,3500006.0,247208083589134.0,27566296004.640144,374130037.1055,661549,799045,18687.45
2020-11-21,606530388.8206328,2543761.0,188748617818648.0,26584883061.55268,256287553.65,589006,720317,18699.75
2020-11-22,701531836.986804,2200439.0,191065703462541.0,29157247700.141552,276025442.5872,509334,641187,18422.28
2020-11-23,754082203.1723051,3453753.0,224502337199646.0,28884331086.34781,344268444.6285,551888,699888,18398.91
2020-11-24,706037685.2423468,4139686.5,234462406590649.0,26873901719.85921,523228040.5104,622956,776010,19172.52
2020-11-25,615863487.3588449,3483838.0,222913636839996.0,25371126155.78573,357330319.00200003,669674,831929,18739.8
2020-11-26,699394769.0176252,4461516.0,227414503699002.0,25500654650.2624,867494794.0976,638514,762311,17151.44
2020-11-27,575236107.5945182,3536815.0,185400323186036.0,22181894522.819576,334361872.0526,632463,751523,17138.87
2020-11-28,440442371.0247437,2763316.0,129176021670734.0,20122837065.722767,203020072.4978,580463,681497,17732.42
2020-11-29,484761645.61606085,2647661.0,127323130982704.0,20931794795.0326,192293943.968,500424,616666,18191.6
2020-11-30,877171841.8805294,4590343.0,225859468878450.0,31808150410.06296,570429939.1842,477933,620892,19709.73
2020-12-01,564616290.6351738,4413757.0,213850113926944.0,21485854365.764145,586228902.896,693238,869007,18792.52
2020-12-02,499992282.3553167,3666659.0,163689473366613.0,20881188516.327377,311500178.6337,596214,761070,19226.97
2020-12-03,437123901.0192745,3214123.5,151403982852640.0,19555986358.66397,269817738.8956,647661,792681,19454.54
2020-12-04,597619829.0658565,3308353.0,190257651161577.0,25446749460.24255,278793731.2368,599630,741606,18670.49
2020-12-05,540308487.2517772,2623876.0,152851650118066.0,25089210368.30721,114151706.81100002,555825,656870,19155.06
2020-12-06,515132962.5047912,2502115.0,132837852174073.0,23954720533.852783,119935507.4742,495737,599436,19377.66
2020-12-07,521620938.3732188,3360281.0,157262453468265.0,22956605846.287056,176619929.6967,551717,710102,19181.41
2020-12-08,484349730.80410814,3143762.5,160415662142859.0,21521556481.74648,273878281.0107,615103,767700,18318.87
2020-12-09,612654769.5546025,3469598.5,196422020357362.0,25214426347.816765,377966775.1915,589336,751760,18554.15
2020-12-10,626124901.34332,3272660.5,196405363552978.0,25773875717.9062,264270264.5584,573630,730904,18247.76
2020-12-11,467524456.88108736,3511975.5,142967108816409.0,19553993595.84885,291983141.38320005,574685,720697,18029.36
2020-12-12,484647533.2242248,2728500.0,143188629043564.0,22465162101.07209,175018094.7288,555465,679524,18803.44
2020-12-13,601024394.0515356,2577313.0,165558179585436.0,26791307160.733658,197236995.264,527051,638413,19164.48
2020-12-14,661317747.6213703,3174541.0,207434215260900.0,26256793524.7909,156397143.1788,570769,730959,19276.59
2020-12-15,678195841.5628215,3438665.0,217947050232153.0,27554432817.05382,288887515.235,590403,749055,19439.75
2020-12-16,861527374.521044,3754050.0,271713672540694.0,30025792145.30268,712598806.4956,601803,737470,21379.48
2020-12-17,804549441.0136963,4936775.0,249065979553492.0,25595062931.37809,1177690832.1425998,558448,728352,22847.46
2020-12-18,648278362.4651002,3620000.0,243588649861174.0,22282388757.95692,465956413.3458,689970,867343,23150.79
2020-12-19,474510959.0102464,2475450.5,162640529244598.0,19935078614.63633,428547892.6224,671203,774786,23869.92
2020-12-20,469280983.793073,2163055.0,132417953758859.0,20559513313.70437,301633611.35960007,561071,653508,23490.58
2020-12-21,646693087.8988973,4000000.0,174583206088450.0,22699235940.219627,647260163.442,519919,649110,22745.48
2020-12-22,634922851.0036802,3357250.0,205128969933716.0,22874379710.657883,433884278.63690007,617149,753218,23824.99
2020-12-23,595830065.0022095,3448479.0,202785400152917.0,21669362088.11221,583254745.8283,627593,793567,23253.37
2020-12-24,811924412.5933546,3271891.0,218282630628073.0,33059708282.019123,344759537.11370003,506135,635599,23715.53
2020-12-25,652746158.3052715,2613430.0,198230522577253.0,25571207705.386826,375518728.1612,597102,691793,24693.58
2020-12-26,729835898.5525548,3043921.0,199578735310486.0,26437652352.335445,530655727.4775,540578,647135,26443.21
2020-12-27,803926429.0744678,2884431.0,248137519818838.0,31926955825.094547,822241572.2106,610570,714874,26246.58
2020-12-28,644314157.4187895,3058435.0,200013155259200.0,22286246859.78951,511058869.7897999,595803,735383,27036.69
2020-12-29,545419152.4997119,2962340.0,182638511986901.0,19502876694.466908,584575020.2299,637875,784635,27376.37
2020-12-30,520341964.4834198,3000000.0,176939162970800.0,19157572967.87913,751041810.9530001,649113,795516,28856.59
2020-12-31,558823094.1535671,2597633.0,191761821228079.0,23990127879.60808,606524119.4576,675173,793225,28982.56
