date,meanValue,medianValue,sumValue,stdValue,totaltx,price
2020-01-01,3.8790582052164613e+18,0.0,6.1791069774174e+23,1.622201823349217e+20,466526.0,129.21
2020-01-02,6.358749383191819e+18,0.0,1.1183068952724744e+24,2.855118952159545e+20,505639.0,130.75
2020-01-03,8.807640048611448e+18,0.0,1.8523523939036247e+24,3.439106604849323e+20,581641.0,127.19
2020-01-04,5.677222558647989e+18,0.0,1.132515064889273e+24,2.4146736338417526e+20,559074.0,134.30
2020-01-05,4.756495202485543e+18,0.0,9.006661490666366e+23,2.0607682877071334e+20,524664.0,134.32
2020-01-06,7.550273181711321e+18,0.0,1.6700675758822797e+24,4.100140218734711e+20,626525.0,135.59
2020-01-07,6.269755172467375e+18,0.0,1.4042809542636524e+24,2.61746739676233e+20,646478.0,144.09
2020-01-08,8.324699596688644e+18,0.0,1.941020256762214e+24,5.032000960984026e+20,653831.0,143.01
2020-01-09,5.803098728278557e+18,0.0,1.3407595363789298e+24,3.2477887684540334e+20,621399.0,140.80
2020-01-10,6.205185787885301e+18,0.0,1.3237274633863102e+24,2.4031680746073568e+20,605095.0,137.93
2020-01-11,6.898888235877703e+18,0.0,1.3544794240144992e+24,2.829051309140045e+20,549612.0,144.81
2020-01-12,5.579826418308875e+18,0.0,1.0059869049568652e+24,2.443784269187024e+20,523951.0,142.65
2020-01-13,6.796122517335407e+18,0.0,1.4353206872936546e+24,2.6481464856370872e+20,565389.0,146.50
2020-01-14,1.0617614902493354e+19,0.0,2.597822455808108e+24,4.8211822946814106e+20,671748.0,143.59
2020-01-15,8.314261740544283e+18,0.0,2.0981538357966486e+24,4.431971090978636e+20,698399.0,166.07
2020-01-16,6.483227517887827e+18,0.0,1.690501575289255e+24,5.069124009306274e+20,693649.0,166.44
2020-01-17,6.752425930182994e+18,0.0,1.5870159139448837e+24,3.027993648670238e+20,676556.0,164.39
2020-01-18,7.659432570712734e+18,0.0,1.7308785723295886e+24,7.718666151150506e+20,628211.0,170.18
2020-01-19,5.451603562691394e+18,0.0,1.1856420008318742e+24,2.6478880355075585e+20,615368.0,174.17
2020-01-20,4.923212571764741e+18,0.0,1.064369018740065e+24,2.0234177754253407e+20,599266.0,166.92
2020-01-21,4.623785408069924e+18,0.0,9.874463641765958e+23,1.6495743756085897e+20,558962.0,166.87
2020-01-22,4.707291977274159e+18,0.0,9.233729796781176e+23,2.1194143486210287e+20,513767.0,169.41
2020-01-23,5.18564953658618e+18,0.0,1.1231702044282366e+24,2.8127730845604253e+20,552533.0,168.15
2020-01-24,8.510933037267965e+18,0.0,1.5013200768409625e+24,5.169988882680701e+20,497135.0,162.80
2020-01-25,2.6635339265298493e+18,0.0,4.5280875811182796e+23,1.04469251079535e+20,435515.0,162.56
2020-01-26,4.029467966617085e+18,0.0,6.155455560483467e+23,1.8672864150420118e+20,428839.0,160.40
2020-01-27,5.84967852975039e+18,0.0,1.0821495802540778e+24,2.6696666267636135e+20,476541.0,167.91
2020-01-28,6.245354886816042e+18,0.0,1.1931063522224228e+24,2.1575073757964924e+20,526284.0,170.27
2020-01-29,6.358982448569436e+18,0.0,1.2673452019998484e+24,2.6813425625854696e+20,551529.0,175.78
2020-01-30,6.873328623035794e+18,0.0,1.3599224347107203e+24,2.7619281791973445e+20,566052.0,173.86
2020-01-31,9.362229437027109e+18,0.0,1.9184518828589683e+24,9.26362903706968e+20,583358.0,184.60
2020-02-01,5.666858014726059e+18,0.0,1.0961970143685428e+24,3.175154186664721e+20,545761.0,179.88
2020-02-02,5.840989517131793e+18,0.0,1.1048582131025295e+24,2.4085517118175694e+20,530094.0,183.58
2020-02-03,5.582736163820677e+18,0.0,1.321824441507822e+24,2.5470944664311507e+20,621191.0,188.48
2020-02-04,7.736481472671864e+18,0.0,1.572176818950444e+24,4.746206380699585e+20,524476.0,189.80
2020-02-05,6.766082751119435e+18,0.0,1.580529866330401e+24,2.8898968823001743e+20,610780.0,188.94
2020-02-06,9.900106905604219e+18,0.0,2.3175754261742394e+24,6.467499385672523e+20,606505.0,203.84
2020-02-07,9.92816641822844e+18,0.0,2.4107772260069492e+24,8.889986602993164e+20,626252.0,213.15
2020-02-08,5.056213513708629e+18,0.0,1.2941429050471334e+24,2.658623424848578e+20,661649.0,223.47
2020-02-09,5.079658815657415e+18,0.0,1.3139451865284245e+24,3.091644490055906e+20,628631.0,223.23
2020-02-10,7.303049467779696e+18,0.0,1.8262662773581351e+24,3.105487276243921e+20,668760.0,228.61
2020-02-11,5.346397137281317e+18,0.0,1.439164567001778e+24,2.7753061607126775e+20,709280.0,222.94
2020-02-12,8.665841845037472e+18,0.0,2.7687451353313947e+24,4.7877093815780816e+20,798162.0,236.75
2020-02-13,7.832754812528945e+18,0.0,2.3074512402228906e+24,3.752788003408223e+20,764763.0,265.59
2020-02-14,6.99713120472646e+18,0.0,1.9112453971772988e+24,3.486968965188191e+20,771827.0,268.71
2020-02-15,7.21842154217943e+18,0.0,1.8885700649233057e+24,5.4708099536988504e+20,699151.0,285.17
2020-02-16,6.87139153828313e+18,0.0,1.6828244019001041e+24,3.39785479944392e+20,661490.0,264.87
2020-02-17,1.0239960807983538e+19,0.0,2.672527371275812e+24,5.793664325886982e+20,695366.0,259.92
2020-02-18,8.234418096261032e+18,0.0,2.2618464315171693e+24,3.935911512693835e+20,733983.0,267.71
2020-02-19,6.951823835607205e+18,0.0,1.7773936555210866e+24,3.2627418538015326e+20,695837.0,282.33
2020-02-20,8.979503692104075e+18,0.0,2.270252000459759e+24,5.0066452250131235e+20,689600.0,259.07
2020-02-21,6.56875943640028e+18,0.0,1.7094211119315782e+24,4.263974482252339e+20,670542.0,257.32
2020-02-22,3.6730817305979003e+18,0.0,9.256459807647399e+23,3.049309602786148e+20,605859.0,265.14
2020-02-23,4.717341078704717e+18,1229784000000000.0,1.24499122280962e+24,3.097428646131645e+20,606290.0,261.65
2020-02-24,6.319830983696756e+18,0.0,1.707807926724271e+24,3.578227842944763e+20,687702.0,274.72
2020-02-25,7.647446443758497e+18,0.0,1.872186658789335e+24,3.709096493299809e+20,670257.0,265.63
2020-02-26,1.1216646830128822e+19,0.0,2.8514510905681044e+24,5.381051664933535e+20,704929.0,246.97
2020-02-27,1.0179646670183557e+19,0.0,2.6866632474285156e+24,4.7362821475679745e+20,714482.0,224.30
2020-02-28,7.073932325152217e+18,0.0,1.8065903547237076e+24,3.12314627457957e+20,688694.0,227.60
2020-02-29,4.997360031046568e+18,0.0,1.1520613973972352e+24,5.839771453588153e+20,620465.0,226.94
2020-03-01,7.346136283427256e+18,0.0,1.658588611663287e+24,5.4011281361604156e+20,628500.0,217.51
2020-03-02,9.631760398884323e+18,0.0,2.5262277491797306e+24,5.318262778709314e+20,681477.0,217.96
2020-03-03,7.551556003241673e+18,0.0,1.7621253871323097e+24,3.8078264320867605e+20,661419.0,231.90
2020-03-04,6.047838614246341e+18,0.0,1.490157195357113e+24,2.892083930605194e+20,663966.0,223.94
2020-03-05,6.453352221519787e+18,0.0,1.7382104208663115e+24,3.1125139479560185e+20,720114.0,224.36
2020-03-06,7.553757819930385e+18,0.0,1.8739740087573446e+24,3.771905606647503e+20,676799.0,228.46
2020-03-07,5.14955175603639e+18,0.0,1.187811056702426e+24,2.620950862569623e+20,630992.0,244.87
2020-03-08,8.315445894978545e+18,0.0,1.874559283550889e+24,4.9016900657495205e+20,662565.0,237.30
2020-03-09,1.4578526055917427e+19,0.0,3.85282744458417e+24,6.922707113974002e+20,784085.0,199.21
2020-03-10,1.0430146091956881e+19,0.0,2.627708425531135e+24,5.878073288716462e+20,760588.0,202.88
2020-03-11,9.877952195665865e+18,0.0,2.448823372922984e+24,4.837690423487679e+20,713065.0,200.61
2020-03-12,3.704284516731307e+19,0.0,9.270601731488133e+24,1.6222307578654457e+21,760781.0,194.57
2020-03-13,2.8472319028894323e+19,0.0,8.262866288419313e+24,1.4689857707719354e+21,847947.0,107.87
2020-03-14,1.2807653678115832e+19,0.0,3.18281720789519e+24,5.779945185163807e+20,681830.0,134.02
2020-03-15,1.3563697944672674e+19,0.0,3.143875291804208e+24,7.391493740654097e+20,657653.0,122.67
2020-03-16,2.301836245614256e+19,0.0,6.27190529187566e+24,1.1145118003096821e+21,784094.0,124.35
2020-03-17,1.219928009176996e+19,0.0,3.3342096404422547e+24,5.2634056102147097e+20,763100.0,111.06
2020-03-18,9.182563716289465e+18,0.0,2.776715442168901e+24,4.917361591220818e+20,768437.0,115.95
2020-03-19,1.0599094588383586e+19,0.0,3.842341373802706e+24,6.884193730522603e+20,864017.0,117.76
2020-03-20,1.153151427937173e+19,0.0,3.7833168623481645e+24,6.569141241639185e+20,822158.0,135.43
2020-03-21,4.3278910120850924e+18,0.0,1.6894658307144886e+24,2.679854673011011e+20,857503.0,133.32
2020-03-22,5.880910903978356e+18,0.0,1.7376856729964687e+24,3.789818464695363e+20,746195.0,132.59
2020-03-23,8.337895103358546e+18,0.0,2.6352751263674983e+24,4.8157900044166496e+20,801238.0,122.46
2020-03-24,1.413921436881621e+19,0.0,4.372142006340139e+24,1.0580211519445754e+21,791900.0,136.00
2020-03-25,8.126728047427103e+18,0.0,2.3147440764766127e+24,6.782542267555966e+20,765389.0,138.59
2020-03-26,7.189042687444021e+18,0.0,2.122838037089836e+24,4.0315523768373314e+20,772649.0,136.08
2020-03-27,5.780746073097578e+18,0.0,1.7166676961051748e+24,3.145787986049729e+20,748776.0,138.38
2020-03-28,7.714620075616997e+18,0.0,1.8777462410251446e+24,4.355613991917732e+20,667726.0,131.74
2020-03-29,5.390483293962058e+18,0.0,1.214265657281043e+24,2.494409481621472e+20,607984.0,131.02
2020-03-30,6.134969500686204e+18,0.0,1.6517853233340912e+24,3.323471084006161e+20,724004.0,125.24
2020-03-31,8.128415963843613e+18,0.0,2.0854914270112893e+24,8.231161091375843e+20,731749.0,132.15
2020-04-01,5.729600598821685e+18,0.0,1.4281487860609533e+24,3.2224729287731596e+20,683007.0,132.88
2020-04-02,8.448596788087429e+18,0.0,2.233851233754101e+24,4.6678177723363525e+20,720554.0,135.65
2020-04-03,8.233705935184099e+18,0.0,2.205636912210983e+24,5.837088243033443e+20,722688.0,141.29
2020-04-04,5.118272314913368e+18,0.0,1.1880124235589843e+24,2.930813494824162e+20,625952.0,141.13
2020-04-05,4.315064431616334e+18,0.0,9.680286093953668e+23,3.2631230078295795e+20,614001.0,144.03
2020-04-06,9.372459655474213e+18,0.0,2.703232931210968e+24,5.4522965383998236e+20,771300.0,142.58
2020-04-07,1.020225941738969e+19,0.0,2.819843289410162e+24,5.1049089243024576e+20,783472.0,171.07
2020-04-08,5.348405152912444e+18,2680385000000000.0,1.8314169376755351e+24,2.992372441203324e+20,830223.0,164.71
2020-04-09,5.561060373858557e+18,0.0,1.5314214889340873e+24,2.6696123941794438e+20,727502.0,173.01
2020-04-10,1.147684587696752e+19,0.0,3.0932509776065296e+24,9.209827838803071e+20,745643.0,169.67
2020-04-11,3.9973850101622477e+18,0.0,9.968718712191447e+23,2.3508533743869274e+20,680523.0,157.85
2020-04-12,4.129773274528042e+18,0.0,1.0793616728037549e+24,2.849154996954033e+20,678530.0,158.18
2020-04-13,7.361158307901665e+18,0.0,2.111128674597661e+24,4.292176198570956e+20,744306.0,158.76
2020-04-14,4.1877127308893235e+18,11694972276042.0,1.3694281278402607e+24,2.4024086589278493e+20,813972.0,156.36
2020-04-15,4.596264883451293e+18,0.0,1.3804743689493528e+24,2.8052528800583143e+20,792152.0,158.43
2020-04-16,9.653009228670824e+18,0.0,2.736454362161947e+24,4.884680125843114e+20,790334.0,152.90
2020-04-17,5.526785929002253e+18,0.0,1.6835640029055e+24,2.9177011194513945e+20,785639.0,172.32
2020-04-18,5.620394676371364e+18,0.0,1.741760310206204e+24,3.273199444069212e+20,783111.0,170.63
2020-04-19,4.932817605900603e+18,0.0,1.4408710898653795e+24,2.682451228519932e+20,741675.0,187.47
2020-04-20,8.016664357418113e+18,0.0,2.55311519789296e+24,4.810440549151198e+20,828885.0,180.12
2020-04-21,6.942210773972662e+18,0.0,2.14346311414998e+24,4.255037071050363e+20,812963.0,170.37
2020-04-22,6.577945134887992e+18,0.0,1.9796523221796407e+24,6.044218441738992e+20,790519.0,170.79
2020-04-23,6.673313406001102e+18,0.0,2.1710090304337524e+24,3.725622475809046e+20,826397.0,182.72
2020-04-24,1.0218638018633011e+19,0.0,3.408579990685866e+24,1.3180457049419256e+21,846807.0,185.48
2020-04-25,4.848689067313653e+18,0.0,1.4645271380254695e+24,2.689794262951365e+20,792299.0,187.57
2020-04-26,4.6074175763519293e+18,0.0,1.377885085548405e+24,3.096117676217695e+20,801949.0,194.01
2020-04-27,6.465699424839315e+18,0.0,2.077299911212075e+24,3.5823363608461954e+20,841193.0,197.35
2020-04-28,4.044073043386481e+18,0.0,1.3027900427805613e+24,2.2412046290486795e+20,838453.0,196.13
2020-04-29,7.776695046155128e+18,0.0,2.6849584015504684e+24,4.6023421200059485e+20,897881.0,196.55
2020-04-30,9.242298780064246e+18,0.0,3.139313142027232e+24,6.940972377427659e+20,899459.0,215.42
2020-05-01,4.459239617343093e+18,0.0,1.4609405426732054e+24,2.6992333058452917e+20,827138.0,206.23
2020-05-02,3.876492026689497e+18,0.0,1.2158539711867282e+24,2.4389400912188988e+20,765990.0,212.00
2020-05-03,3.8077652025807744e+18,0.0,1.2566539032157957e+24,2.4596396115429776e+20,789689.0,213.96
2020-05-04,5.672842152085761e+18,0.0,1.6906544552172218e+24,2.9380313329984792e+20,774035.0,209.85
2020-05-05,5.46110202040937e+18,0.0,1.6183812004419184e+24,3.611815172442115e+20,785518.0,206.59
2020-05-06,6.960176777271824e+18,0.0,2.1972373262862534e+24,3.5523380527239194e+20,833506.0,205.36
2020-05-07,9.205187860019972e+18,0.0,3.0075097724385057e+24,4.810147044415742e+20,877129.0,199.05
2020-05-08,6.581542125221682e+18,0.0,2.1927987160283243e+24,4.266228383170259e+20,887756.0,212.00
2020-05-09,4.3380549564134374e+18,0.0,1.4811073993283335e+24,2.2068860296430407e+20,894382.0,211.47
2020-05-10,9.837040401318599e+18,0.0,3.2560603728372005e+24,6.4042963147237e+20,879153.0,210.19
2020-05-11,7.205075073540262e+18,0.0,2.3939654490093651e+24,4.4298447480885995e+20,887554.0,187.77
2020-05-12,7.66667910184558e+18,0.0,2.422149262003954e+24,4.178666367794869e+20,880678.0,185.82
2020-05-13,8.517118182810787e+18,0.0,2.5022100824550817e+24,4.26220393011737e+20,856962.0,189.82
2020-05-14,7.621173827602702e+18,0.0,2.2704162738070594e+24,4.154001876466523e+20,820300.0,199.58
2020-05-15,6.051340937256188e+18,0.0,1.9307892501681554e+24,2.8363921487535374e+20,888691.0,203.29
2020-05-16,4.07838385534269e+18,0.0,1.2669336311264375e+24,1.945659459885502e+20,875030.0,194.85
2020-05-17,4.5617119854616136e+18,0.0,1.3574696909213658e+24,2.448835467496563e+20,808464.0,200.51
2020-05-18,6.610672755701189e+18,0.0,2.1084608540851847e+24,3.0823550799034476e+20,857645.0,207.00
2020-05-19,4.863291992835622e+18,0.0,1.599590232655239e+24,2.8884775329966254e+20,848038.0,214.88
2020-05-20,5.206976103950109e+18,0.0,1.6732982198368692e+24,2.6659086454196503e+20,855377.0,214.52
2020-05-21,6.153850355151804e+18,0.0,2.008001370885547e+24,4.0722922895848905e+20,867704.0,210.00
2020-05-22,5.509868468437742e+18,0.0,1.859040640987488e+24,2.8264876367309852e+20,916282.0,198.75
2020-05-23,4.985219537005298e+18,0.0,1.6600980467005622e+24,4.582909874933772e+20,868425.0,207.35
2020-05-24,4.1282663316271534e+18,0.0,1.2413490445883913e+24,2.3601830628225476e+20,825755.0,206.65
2020-05-25,4.818762930108111e+18,0.0,1.5302463560848456e+24,2.627989656341443e+20,875607.0,199.99
2020-05-26,5.631796242197409e+18,0.0,1.8914387679417315e+24,3.574468545118486e+20,916975.0,204.13
2020-05-27,4.5925822392361e+18,0.0,1.5291783304514265e+24,2.3692222986363424e+20,896217.0,200.99
2020-05-28,6.206044166159151e+18,0.0,2.1103839368346e+24,3.329252630769083e+20,907265.0,208.20
2020-05-29,6.930519578538606e+18,0.0,2.596678562049786e+24,3.521779858525518e+20,949269.0,220.14
2020-05-30,7.030426281730438e+18,0.0,2.439515737202473e+24,3.677197074623164e+20,881950.0,220.66
2020-05-31,6.628889969841031e+18,0.0,2.1759132459300583e+24,6.534669640282503e+20,850103.0,243.63
2020-06-01,5.919175628894706e+18,0.0,2.1026450819494378e+24,3.695864366005905e+20,929874.0,231.80
2020-06-02,9.617119817176656e+18,0.0,3.7392612074766434e+24,1.0420606630916799e+21,980902.0,248.01
2020-06-03,4.30205468558281e+18,0.0,1.5143748739809726e+24,2.2227898947470334e+20,898364.0,237.90
2020-06-04,4.3181746706934886e+18,0.0,1.5840532871487742e+24,2.6445539738250094e+20,930407.0,244.53
2020-06-05,5.46081956169785e+18,0.0,1.8968211355748522e+24,5.143203771479627e+20,901995.0,243.37
2020-06-06,2.796237758693606e+18,0.0,9.288766285846306e+23,1.5186147123974472e+20,946196.0,240.27
2020-06-07,3.586058205779417e+18,0.0,1.1376088306772925e+24,2.089465737046699e+20,943786.0,242.00
2020-06-08,4.275160776440755e+18,0.0,1.578970780527184e+24,2.2786628814680424e+20,966206.0,244.56
2020-06-09,4.558250188621416e+18,0.0,1.6496033937605834e+24,3.0993242459469945e+20,923075.0,246.19
2020-06-10,5.348470924182624e+18,0.0,1.861529956690497e+24,3.178802088865489e+20,939890.0,243.82
2020-06-11,6.823334883862283e+18,0.0,2.3837183950071584e+24,4.4772480160777824e+20,925331.0,247.79
2020-06-12,4.473385286921082e+18,0.0,1.6312423118018257e+24,2.5177538430843706e+20,889318.0,230.72
2020-06-13,2.4559207959519606e+18,0.0,8.43657911825106e+23,1.33358343257009e+20,833267.0,237.55
2020-06-14,3.169706832821218e+18,0.0,1.0097513177836963e+24,2.089637331968672e+20,785017.0,238.23
2020-06-15,7.370072555169867e+18,0.0,2.624298585082058e+24,4.471452175890257e+20,912281.0,231.99
2020-06-16,4.65454845172708e+18,0.0,1.6414311660496478e+24,2.313043746157912e+20,904928.0,230.92
2020-06-17,4.695267488874869e+18,0.0,1.6285817001207596e+24,2.272391712490842e+20,879736.0,235.37
2020-06-18,4.912345575373489e+18,0.0,1.841053787083681e+24,3.6308743351760106e+20,913845.0,233.85
2020-06-19,5.368569048774683e+18,0.0,1.9496226929073195e+24,3.2891496261685844e+20,945942.0,231.34
2020-06-20,2.856351468429618e+18,0.0,1.0472555587360165e+24,1.394537033414842e+20,941415.0,229.11
2020-06-21,4.330078980823239e+18,0.0,1.5197581304519835e+24,4.619209180781313e+20,987058.0,228.87
2020-06-22,6.541429586442445e+18,0.0,2.523245258667042e+24,4.5386867232162074e+20,1092083.0,228.11
2020-06-23,5.963098558840145e+18,0.0,2.3936116139122772e+24,4.2560968352012114e+20,1119442.0,243.24
2020-06-24,1.0989970417284094e+19,0.0,4.192574804461733e+24,1.857192214175535e+21,1070862.0,243.20
2020-06-25,1.495101107535066e+19,0.0,5.651437333451179e+24,1.3994308837890397e+21,1041742.0,234.75
2020-06-26,7.374016912721834e+18,0.0,2.807509459181055e+24,9.98205323734681e+20,1017505.0,232.57
2020-06-27,4.872445871971069e+18,0.0,1.82927209860517e+24,3.281130692667059e+20,1017138.0,229.72
2020-06-28,3.5125888813005266e+18,0.0,1.3518022680236697e+24,1.7339612757353624e+20,997731.0,221.07
2020-06-29,3.5205268955125903e+18,1042870000000000.0,1.56777863974376e+24,1.81769057071162e+20,1056189.0,225.09
2020-06-30,4.708908569033217e+18,0.0,1.9985220125084608e+24,5.121974292645449e+20,1111318.0,227.88
2020-07-01,4.4826946210277484e+18,0.0,1.8455164100874377e+24,2.1502577682011747e+20,1044438.0,225.61
2020-07-02,4.4703561968767764e+18,0.0,1.8181385688311809e+24,2.1269922296198355e+20,1039119.0,230.96
2020-07-03,4.668492245745583e+18,0.0,1.8129902896657235e+24,2.5504440176308653e+20,1022098.0,226.42
2020-07-04,3.1299680202567624e+18,0.0,1.2029030496084525e+24,1.4124127039507418e+20,946287.0,225.09
2020-07-05,2.9655845077549926e+18,0.0,1.0206029427589681e+24,1.4042450106680413e+20,880075.0,229.09
2020-07-06,5.894736700209881e+18,0.0,2.256239945688232e+24,3.1572707117170767e+20,1020012.0,227.95
2020-07-07,5.606276919131929e+18,0.0,2.277196802950811e+24,3.1563723773471175e+20,1064506.0,241.56
2020-07-08,7.80732782287068e+18,0.0,3.1727965319537626e+24,6.376496349076955e+20,1092210.0,239.26
2020-07-09,6.041089432778383e+18,0.0,2.4409384318501984e+24,3.6303263897783186e+20,1070343.0,246.93
2020-07-10,6.383902840336007e+18,0.0,2.4587410272463193e+24,2.8600958311653897e+20,1034806.0,242.01
2020-07-11,2.8178316364156513e+18,0.0,1.1021694840987642e+24,1.535328133633151e+20,982930.0,241.21
2020-07-12,3.344299393365189e+18,0.0,1.24437701697735e+24,1.6038775473829947e+20,997960.0,239.20
2020-07-13,6.422473543372297e+18,0.0,2.710810478133602e+24,3.875661111484381e+20,1151834.0,242.84
2020-07-14,7.638520556999501e+18,0.0,3.196491697488125e+24,5.072388674201891e+20,1098661.0,239.75
2020-07-15,4.3433124784581816e+18,0.0,1.8942358412917e+24,2.0903072375968796e+20,1111360.0,240.49
2020-07-16,5.600621068626205e+18,0.0,2.206639100416942e+24,2.5014943497564927e+20,1068620.0,238.62
2020-07-17,4.917148346274171e+18,0.0,1.896701465904421e+24,2.0595492290717594e+20,1078101.0,233.65
2020-07-18,3.7387321345111567e+18,0.0,1.356086748704392e+24,1.9250006457637274e+20,1071509.0,232.77
2020-07-19,4.352034014194397e+18,180317000000000.0,1.634780648955472e+24,2.8401491052500084e+20,1082448.0,235.72
2020-07-20,5.425326369954671e+18,0.0,2.2415332683364638e+24,2.4935753279917064e+20,1143700.0,239.03
2020-07-21,6.240084314634538e+18,0.0,2.3575912152488524e+24,3.193609551199477e+20,1120095.0,236.10
2020-07-22,7.400928066291943e+18,0.0,2.9412990348902744e+24,3.986664399031597e+20,1138040.0,245.54
2020-07-23,1.2350380980012976e+19,0.0,5.125296953277839e+24,1.0812178927256759e+21,1147143.0,263.29
2020-07-24,7.832487034511767e+18,0.0,3.076694897000863e+24,4.006537860307266e+20,1146282.0,275.33
2020-07-25,6.944110595350942e+18,0.0,2.8768894667691684e+24,4.168543988718852e+20,1175506.0,279.33
2020-07-26,8.112011407868344e+18,0.0,3.373874776659024e+24,5.487996011908861e+20,1137893.0,305.32
2020-07-27,1.0877483861020193e+19,0.0,4.926412440657708e+24,7.739581079863913e+20,1261456.0,311.12
2020-07-28,6.739715819974834e+18,0.0,3.2658708346017055e+24,4.493755095532525e+20,1222353.0,321.82
2020-07-29,7.42635391035509e+18,0.0,3.061662926622485e+24,4.644245463464164e+20,1163851.0,316.95
2020-07-30,8.204410225726011e+18,0.0,3.4271462394913077e+24,6.184172710868661e+20,1164479.0,317.79
2020-07-31,7.989359572463293e+18,0.0,3.3945430632276263e+24,4.152617577808013e+20,1218838.0,334.84
2020-08-01,6.914110634388396e+18,0.0,3.072900416237632e+24,4.295461097162082e+20,1171566.0,346.48
2020-08-02,7.703958501322821e+18,0.0,3.3110843242848484e+24,5.186912742610455e+20,1125886.0,387.15
2020-08-03,7.233050542216973e+18,0.0,3.2376797828593626e+24,3.773850686642515e+20,1176793.0,372.26
2020-08-04,7.392651699354393e+18,0.0,3.379129343213709e+24,3.956694201687002e+20,1164208.0,385.86
2020-08-05,5.287431854027284e+18,0.0,2.439531171106302e+24,3.5305383780046143e+20,1182699.0,389.62
2020-08-06,5.372541318698326e+18,0.0,2.499752142387916e+24,3.2898795262154487e+20,1215885.0,400.80
2020-08-07,6.51078193159195e+18,0.0,2.874842272676711e+24,3.9488896265254096e+20,1249695.0,394.80
2020-08-08,3.9709026885893606e+18,0.0,1.6590272596815522e+24,2.4711454390462952e+20,1182406.0,379.57
2020-08-09,4.801412896516262e+18,0.0,1.8794362557347406e+24,2.532147225638313e+20,1229151.0,396.78
2020-08-10,7.999431865530484e+18,0.0,3.292518159261537e+24,5.5597726886924104e+20,1289980.0,390.22
2020-08-11,7.622425866350218e+18,0.0,3.089742702499478e+24,4.047947898753982e+20,1254244.0,395.52
2020-08-12,1.1944322389084088e+19,0.0,4.1974857182947857e+24,8.835390542563156e+20,1229214.0,379.03
2020-08-13,1.0535559950906999e+19,0.0,3.9804925828525014e+24,5.005451916439554e+20,1209139.0,387.15
2020-08-14,1.1703090255044076e+19,0.0,4.5794660291606795e+24,5.288405100043282e+20,1201546.0,424.28
2020-08-15,5.515158054682832e+18,0.0,2.217132144088604e+24,4.060766428220466e+20,1107833.0,438.04
2020-08-16,5.284559743646864e+18,0.0,2.0965275334175217e+24,3.2706212292759886e+20,1152369.0,432.22
2020-08-17,7.491353836415781e+18,0.0,2.984757634981863e+24,4.872569997254181e+20,1181976.0,433.62
2020-08-18,7.588262296624212e+18,0.0,2.951621562042732e+24,3.9739819602949734e+20,1229256.0,430.63
2020-08-19,7.545043692321846e+18,0.0,2.9899800945683396e+24,4.269121453754158e+20,1216891.0,422.10
2020-08-20,7.69532749923528e+18,0.0,3.032074464611572e+24,5.202735829932849e+20,1182994.0,407.39
2020-08-21,7.51832910698283e+18,0.0,3.1497438327373066e+24,4.253964747734067e+20,1256752.0,416.05
2020-08-22,5.777544872814976e+18,0.0,2.178163304775248e+24,2.8470540713175715e+20,1102479.0,388.06
2020-08-23,3.884086412130554e+18,0.0,1.5191866024628136e+24,1.870426502608527e+20,1122524.0,395.56
2020-08-24,7.304598600053933e+18,0.0,2.9065947427435066e+24,3.763926559542304e+20,1162182.0,390.81
2020-08-25,7.340727881449495e+18,0.0,2.832544645431482e+24,4.094486239519792e+20,1138199.0,407.64
2020-08-26,7.18476752860825e+18,0.0,2.8575329262456865e+24,4.447402232612024e+20,1166218.0,383.16
2020-08-27,5.92591739279094e+18,0.0,2.3212470278473413e+24,3.552075006751874e+20,1136576.0,385.96
2020-08-28,9.373400893909244e+18,0.0,3.4704735607674507e+24,4.830595600982389e+20,1131912.0,383.16
2020-08-29,8.170728382728578e+18,0.0,2.786594232016191e+24,3.709795249333972e+20,1130992.0,395.32
2020-08-30,1.1175257801451917e+19,0.0,3.5360303725044646e+24,5.797361624608109e+20,1142415.0,398.80
2020-08-31,1.4912060399628855e+19,0.0,5.536341016329046e+24,7.917217705334473e+20,1235856.0,428.81
2020-09-01,1.872895780064097e+19,0.0,6.877647883551975e+24,9.302140010941372e+20,1245701.0,433.89
2020-09-02,1.891569535324422e+19,0.0,6.602145149143383e+24,1.021653079147022e+21,1181212.0,475.72
2020-09-03,1.835852091958992e+19,0.0,6.446594620914325e+24,8.912148496856494e+20,1149636.0,439.14
2020-09-04,1.6509991660249113e+19,0.0,6.494007099659777e+24,8.471025392489679e+20,1141207.0,381.97
2020-09-05,2.02315245124169e+19,0.0,6.386869741800736e+24,8.754379011756783e+20,1040906.0,385.94
2020-09-06,1.5036861726356625e+19,0.0,5.232166258856738e+24,8.114110832526577e+20,1026667.0,334.91
2020-09-07,1.194273024214799e+19,0.0,4.214064022323868e+24,5.3579655036796994e+20,1051480.0,353.49
2020-09-08,1.1352102221369528e+19,0.0,3.901286153600714e+24,5.615898682793844e+20,1026700.0,352.06
2020-09-09,1.3576987667454507e+19,0.0,4.356746726585166e+24,6.938918514348816e+20,1052603.0,337.46
2020-09-10,1.8477418491831345e+19,0.0,5.842393430351048e+24,7.964798519572947e+20,1120964.0,351.10
2020-09-11,1.5931678442372348e+19,0.0,4.962542586336556e+24,6.80204941328392e+20,1074413.0,367.89
2020-09-12,1.3946454166040596e+19,0.0,4.36383156210023e+24,9.129803167573963e+20,1034584.0,373.74
2020-09-13,1.5681621502374236e+19,0.0,4.564371162588892e+24,7.09654212251087e+20,1042047.0,388.06
2020-09-14,1.7535422294989928e+19,0.0,5.504947727333725e+24,6.798123309607259e+20,1079688.0,365.89
2020-09-15,1.3115755896356264e+19,0.0,4.469049548369024e+24,5.193807216318571e+20,1089837.0,376.70
2020-09-16,1.522069948009217e+19,0.0,4.8129678239991826e+24,8.380934313374435e+20,1035013.0,363.91
2020-09-17,1.3992399602445642e+19,0.0,6.229640181403098e+24,7.004671117432354e+20,1406016.0,364.75
2020-09-18,1.5867500543828584e+19,0.0,6.80306391816244e+24,8.399402959365738e+20,1244808.0,389.37
2020-09-19,9.397885090992024e+18,0.0,3.567775504404204e+24,4.603380174432195e+20,1090001.0,384.25
2020-09-20,8.716084721256406e+18,100000000000000.0,3.507413504426796e+24,4.547153102200645e+20,1095309.0,385.33
2020-09-21,1.266542140950717e+19,0.0,5.088535698012115e+24,6.519511157138763e+20,1133662.0,371.09
2020-09-22,1.010150507844797e+19,0.0,3.7082827173084217e+24,4.712274984107236e+20,1081497.0,341.32
2020-09-23,1.1565563245080467e+19,0.0,4.3616861699276886e+24,8.77021500980069e+20,1084100.0,343.96
2020-09-24,9.087019415820314e+18,0.0,3.567045862543902e+24,5.399358443606396e+20,1087537.0,319.97
2020-09-25,8.577742318380731e+18,0.0,3.0752235540473536e+24,3.888433018710657e+20,1034790.0,349.13
2020-09-26,6.514889938146586e+18,0.0,2.3298744843501596e+24,3.103849448266943e+20,984559.0,351.62
2020-09-27,7.486007826266505e+18,1338970000000000.0,2.608469483031e+24,3.8616944732499765e+20,966479.0,354.26
2020-09-28,8.8894491201157e+18,0.0,3.295381014970808e+24,4.148138106851994e+20,1080187.0,357.42
2020-09-29,9.993625702571604e+18,0.0,3.7052366654856687e+24,8.222848787956183e+20,1088234.0,353.97
2020-09-30,1.0201343258664458e+19,0.0,3.758542104849352e+24,6.525731555974937e+20,1079040.0,359.77
2020-10-01,1.0594939772946596e+19,0.0,3.8281424488824766e+24,5.961804455082263e+20,1018741.0,359.50
2020-10-02,9.628400262618927e+18,0.0,3.3911610860964036e+24,4.666413704102424e+20,1002138.0,353.06
2020-10-03,5.690210794944692e+18,0.0,1.8677092696465656e+24,2.2917068842372943e+20,956528.0,345.78
2020-10-04,5.287533219749049e+18,1928530000000000.0,1.7949113143095428e+24,1.9126869364046453e+20,985452.0,345.60
2020-10-05,7.703225800647807e+18,0.0,2.530956462609148e+24,3.380174278855646e+20,1027690.0,352.69
2020-10-06,7.66122969522989e+18,0.0,2.683115863863265e+24,2.82673616601554e+20,1083502.0,353.53
2020-10-07,9.908720202202173e+18,0.0,3.494845250196903e+24,5.4370613657683014e+20,1035384.0,340.59
2020-10-08,8.541278951657011e+18,0.0,2.983964131993084e+24,5.081785458440787e+20,1019446.0,341.66
2020-10-09,8.759515534358214e+18,0.0,3.2791071212557536e+24,5.525809278047624e+20,1049571.0,350.71
2020-10-10,6.387154074308427e+18,0.0,2.336842512550985e+24,3.2986793703571404e+20,1036351.0,365.25
2020-10-11,5.517412726619873e+18,0.0,1.9690156319869835e+24,6.561229935970737e+20,1004701.0,370.28
2020-10-12,8.891502231532314e+18,0.0,3.2988184599161677e+24,3.787325391098532e+20,1092162.0,374.39
2020-10-13,6.53797960599041e+18,0.0,2.6541712768069687e+24,3.0006551742687235e+20,1127396.0,386.64
2020-10-14,9.00635892312877e+18,0.0,3.5463709086482133e+24,6.65126371770729e+20,1093927.0,381.13
2020-10-15,4.714514630071463e+18,145705330000000.0,2.515240700288917e+24,2.2641042096800688e+20,1249576.0,378.96
2020-10-16,6.142377209329942e+18,47005635000000.0,2.972388467252412e+24,4.271880622098909e+20,1161135.0,377.60
2020-10-17,3.423538441854432e+18,0.0,1.47577102197634e+24,1.8705466414976844e+20,1051772.0,365.08
2020-10-18,3.8442580149759887e+18,0.0,1.4118614198700547e+24,1.7222676064530878e+20,995711.0,368.61
2020-10-19,5.711071210572346e+18,0.0,2.2636173407373764e+24,2.7122369856827995e+20,1128930.0,377.85
2020-10-20,6.031375077544716e+18,0.0,2.3475559331820524e+24,2.838906051025408e+20,1105678.0,379.03
2020-10-21,8.920086769598591e+18,0.0,3.763991173993525e+24,5.448883752567586e+20,1159354.0,368.53
2020-10-22,8.295356309008222e+18,0.0,3.754735421502446e+24,6.272171677232988e+20,1189043.0,391.39
2020-10-23,6.797595510978657e+18,0.0,2.9275136611173426e+24,3.688860799175723e+20,1132837.0,414.12
2020-10-24,4.5950508044864737e+18,0.0,1.8119066480722872e+24,2.9402186603331394e+20,1012156.0,408.59
2020-10-25,4.153925698266065e+18,0.0,1.4563580419604933e+24,2.2567162396300014e+20,965206.0,412.44
2020-10-26,8.641748838139166e+18,0.0,3.305088693639033e+24,4.6202073351116974e+20,1086139.0,406.45
2020-10-27,7.121449738875063e+18,0.0,2.750902090931291e+24,3.4149158279266966e+20,1078466.0,393.93
2020-10-28,8.593684426421687e+18,0.0,3.5176786273201597e+24,4.8968770337199233e+20,1139608.0,403.11
2020-10-29,5.999662779015611e+18,0.0,2.263600770568807e+24,2.489600310033813e+20,1107849.0,388.25
2020-10-30,8.424084471448187e+18,0.0,3.292679776932238e+24,5.517656671529677e+20,1111013.0,387.16
2020-10-31,4.900882952317766e+18,0.0,2.014831395824613e+24,3.655887925861088e+20,1089587.0,382.81
2020-11-01,4.040748698822937e+18,0.0,1.5492109288823624e+24,1.9656574922374853e+20,1050753.0,386.36
2020-11-02,7.998731936102844e+18,0.0,3.332823637083987e+24,4.5785373416946526e+20,1156870.0,396.45
2020-11-03,7.164823690418041e+18,0.0,2.9399062807701994e+24,3.8617626120254e+20,1119359.0,383.64
2020-11-04,7.23889724985597e+18,672461811899266.5,3.3726022287074277e+24,5.650617547146813e+20,1137324.0,388.23
2020-11-05,9.377329457638347e+18,0.0,4.000668821170718e+24,5.7430445624339694e+20,1128431.0,402.50
2020-11-06,9.320519434594417e+18,0.0,4.2868424266696096e+24,6.64023519542793e+20,1171971.0,416.59
2020-11-07,8.356301229118961e+18,0.0,3.620885598191863e+24,6.927574333607919e+20,1131722.0,455.78
2020-11-08,4.019719128010304e+18,0.0,1.5959531051128727e+24,2.283349357200379e+20,1016465.0,435.39
2020-11-09,6.430155461605339e+18,0.0,2.776303212568537e+24,3.8943679714003485e+20,1147695.0,454.55
2020-11-10,6.192866214160885e+18,0.0,2.5839238849284903e+24,3.9724819001956775e+20,1157455.0,444.38
2020-11-11,7.22398601475055e+18,0.0,3.0909124481588125e+24,4.9566100747339655e+20,1096582.0,450.26
2020-11-12,9.697834376371862e+18,0.0,3.9681307766204293e+24,8.247255331014919e+20,1099253.0,463.33
2020-11-13,7.62077415262833e+18,0.0,3.251639536217171e+24,4.630249986529856e+20,1156377.0,462.61
2020-11-14,4.4548446401860275e+18,0.0,1.8935985369804354e+24,2.4270216645845798e+20,1067063.0,476.38
2020-11-15,4.3749968650548024e+18,0.0,1.6846669178359148e+24,2.6867792890346494e+20,1037428.0,460.75
2020-11-16,6.32063234537223e+18,0.0,2.6369362113272554e+24,3.6370624154125133e+20,1105512.0,448.18
2020-11-17,9.41986253517054e+18,0.0,4.1032261812820994e+24,6.589222854605299e+20,1173012.0,460.37
2020-11-18,9.992491627942605e+18,0.0,4.1626321924015785e+24,6.45141996274767e+20,1120798.0,482.05
2020-11-19,6.86175343717598e+18,0.0,2.9981470998256216e+24,4.6623634386112e+20,1122748.0,478.55
2020-11-20,8.19978982746307e+18,0.0,3.6252336799886e+24,4.5442277974655304e+20,1162871.0,471.27
2020-11-21,9.53257483680812e+18,0.0,4.427375785230228e+24,7.366424597864957e+20,1172183.0,509.94
2020-11-22,7.7656692058537e+18,0.0,3.504382479847894e+24,6.204081614003696e+20,1148006.0,551.90
2020-11-23,9.588897688939213e+18,0.0,4.5059572686003057e+24,5.073909037776111e+20,1213632.0,559.37
2020-11-24,1.1083949929481587e+19,0.0,5.104413873375502e+24,7.393844855833623e+20,1240072.0,609.20
2020-11-25,6.118741706192159e+18,0.0,2.924048761521679e+24,3.575671878833351e+20,1205924.0,605.01
2020-11-26,1.208889818186518e+19,0.0,5.048456858627467e+24,7.907521245037123e+20,1173330.0,569.69
2020-11-27,7.213269284637945e+18,0.0,3.220558830397634e+24,4.541815050352088e+20,1102889.0,519.69
2020-11-28,4.1804234224648904e+18,0.0,1.7068752442394357e+24,2.654091832971459e+20,992335.0,518.70
2020-11-29,4.024926362632569e+18,2498190000000000.0,1.7717363604936476e+24,3.403371391545488e+20,993930.0,537.89
2020-11-30,7.641792020292178e+18,0.0,3.286719464343603e+24,4.2132908942578005e+20,1183915.0,575.35
2020-12-01,9.326260463892392e+18,0.0,4.0855735739383836e+24,5.3148222473371845e+20,1172361.0,616.78
2020-12-02,6.062905807600493e+18,0.0,2.444205910181874e+24,3.943312948632581e+20,1071389.0,585.69
2020-12-03,5.827282990277417e+18,0.0,2.3927231867888352e+24,2.975071663512928e+20,1114178.0,597.94
2020-12-04,6.422367742729383e+18,0.0,2.634069906003175e+24,3.628842480528308e+20,1134337.0,616.33
2020-12-05,4.557868168647974e+18,0.0,1.8309776849727424e+24,3.008001701446134e+20,1055722.0,567.84
2020-12-06,4.2710575874837796e+18,0.0,1.6096932678012832e+24,1.953749972890876e+20,1034515.0,596.61
2020-12-07,6.950405707463966e+18,0.0,2.7467725339670007e+24,4.652021133737867e+20,1102501.0,601.54
2020-12-08,6.329640022220245e+18,0.0,2.5568454276959103e+24,4.004325087834026e+20,1149816.0,591.03
2020-12-09,8.371015457739571e+18,0.0,3.3651231009650455e+24,5.183192681440007e+20,1150822.0,554.95
2020-12-10,7.884367590155011e+18,0.0,3.0049138290627696e+24,4.2776623338239295e+20,1092429.0,573.28
2020-12-11,7.33883740443123e+18,0.0,2.964552724869739e+24,4.6456399626628104e+20,1122160.0,558.15
2020-12-12,4.1124937068241e+18,0.0,1.7490600234862235e+24,3.291058626347835e+20,1092064.0,544.16
2020-12-13,3.671068782900685e+18,0.0,1.6653473137424056e+24,2.1086099725335708e+20,1142703.0,568.07
2020-12-14,4.486024989898751e+18,0.0,2.112114771767871e+24,2.6075139307154378e+20,1241593.0,590.66
2020-12-15,5.480364703555032e+18,0.0,2.4374141233646796e+24,3.4064512292518475e+20,1215285.0,586.22
2020-12-16,6.68759601727641e+18,0.0,3.263593669603199e+24,3.9645198397168085e+20,1261767.0,588.81
2020-12-17,9.084580692878663e+18,2993950000000000.0,4.880609216023621e+24,6.020639419454025e+20,1342281.0,637.29
2020-12-18,6.374447164409637e+18,0.0,3.0384567342820133e+24,3.846259546435537e+20,1193950.0,643.28
2020-12-19,6.303914608600795e+18,5165735477380900.0,3.0104911565688376e+24,7.399608917239161e+20,1162872.0,654.08
2020-12-20,4.439157703331505e+18,0.0,1.7976857426987776e+24,2.8898620690388812e+20,1074305.0,657.79
2020-12-21,8.577040669708685e+18,0.0,3.4637864122181783e+24,4.223599903353706e+20,1146949.0,638.28
2020-12-22,7.521570461797404e+18,0.0,3.0667548812479195e+24,4.783871463725365e+20,1147101.0,607.86
2020-12-23,6.198512414022965e+18,0.0,2.839098442482663e+24,3.3337924254277075e+20,1254308.0,637.04
2020-12-24,6.752244627447475e+18,0.0,2.8777256332827633e+24,4.472861787308972e+20,1142743.0,585.47
2020-12-25,4.465284243844346e+18,0.0,1.7915300873255178e+24,2.521933974980213e+20,1140417.0,612.38
2020-12-26,4.891264744043965e+18,0.0,1.9945110246789002e+24,3.301031212523631e+20,1139562.0,626.99
2020-12-27,7.919866469986231e+18,0.0,3.404718915981125e+24,5.0415279981445815e+20,1177372.0,636.35
2020-12-28,7.748002209200584e+18,0.0,3.607857228714132e+24,4.2533092477508066e+20,1256783.0,683.76
2020-12-29,9.127072787629e+18,0.0,4.132446491909303e+24,6.34243539519954e+20,1206703.0,730.26
2020-12-30,8.11838967379875e+18,0.0,3.666143000842754e+24,5.644209234001478e+20,1227653.0,732.04
2020-12-31,7.133018604464038e+18,0.0,3.044572064905826e+24,4.249841177959904e+20,1163876.0,751.92
