,BTC Price,ETH Vol., LTC Vol.,XRP Vol.,DOGE Vol.,USDT Vol.,BNB Vol.,ADA Vol.,BTC Vol.,total Vol.
0,7196.4,10350000.0,5440000.0,1230000000.0,1440000000.0,262410.0,939310.0,250860000.0,420280.0,2938272000.0
1,7199.7,11450000.0,5600000.0,1470000000.0,1860000000.0,862220.0,971730.0,216630000.0,632780.0,3566146730.0
2,6967.1,15670000.0,7140000.0,1740000000.0,1690000000.0,1990000.0,1460000.0,341590000.0,936290.0,3798786290.0
3,7345.1,11160000.0,6350000.0,1110000000.0,1550000000.0,718000.0,1230000.0,358200000.0,523909.99999999994,3038181910.0
4,7376.8,12190000.0,7150000.0,1150000000.0,1570000000.0,806220.0,1460000.0,216710000.0,628140.0,2958944360.0
5,7372.6,14360000.0,8130000.000000001,2840000000.0,1660000000.0,1010000.0,1630000.0,343250000.0,786750.0,4869166750.0
6,7759.1,13580000.0,9540000.0,3000000000.0,1750000000.0,1600000.0,1460000.0,544890000.0,1010000.0,5322080000.0
7,8154.2,13710000.0,9590000.0,2440000000.0,1840000000.0,1730000.0,1500000.0,563230000.0,1190000.0,4870950000.0
8,8060.0,11380000.0,6200000.0,1770000000.0,1640000000.0,1720000.0,1070000.0,285350000.0,786500.0,3716506500.0
9,7842.5,13370000.0,9450000.0,2130000000.0,1710000000.0,1330000.0,1570000.0,341990000.0,1050000.0,4208760000.0
10,8187.8,12460000.0,9340000.0,2080000000.0,1730000000.0,563870.0,1400000.0,255790000.0,776750.0,4090330620.0
11,8023.3,10010000.0,7540000.0,1640000000.0,1630000000.0,722330.0,2040000.0,209270000.0,595220.0,3500177550.0
12,8188.3,10260000.0,6310000.0,1320000000.0,1510000000.0,1110000.0,1520000.0,177960000.0,610660.0,3027770660.0
13,8111.2,22850000.0,15700000.0,3240000000.0,2380000000.0,4410000.0,2710000.0,889670000.0,1480000.0,6556820000.0
14,8827.9,16660000.0,11650000.0,3230000000.0,2210000000.0,2960000.0,3040000.0,771220000.0,1170000.0,6246700000.0
15,8818.1,16239999.999999998,8170000.0,2460000000.0,1870000000.0,2910000.0,1840000.0,429250000.0,748320.0,4789158320.0
16,8726.7,18570000.0,10610000.0,2770000000.0,2160000000.0,3350000.0,2740000.0,661370000.0,794110.0,5627434110.0
17,8913.0,17420000.0,8300000.000000001,2660000000.0,1940000000.0,1300000.0,1900000.0,514299999.99999994,627740.0,5143847740.0
18,8916.3,15840000.0,8510000.0,2390000000.0,1920000000.0,1580000.0,2130000.0,492600000.0,975010.0,4831635010.0
19,8705.7,11300000.0,5470000.0,1550000000.0,1660000000.0,1130000.0,1580000.0,355520000.0,599060.0,3585599060.0
20,8642.0,11520000.0,4500000.0,1630000000.0,1620000000.0,1430000.0,1920000.0,512340000.00000006,540200.0,3782250200.0
21,8733.0,11300000.0,4250000.0,1390000000.0,1430000000.0,1070000.0,1610000.0,328190000.0,509060.0,3166929060.0
22,8678.5,14860000.0,7370000.0,1570000000.0,1700000000.0,1830000.0,1360000.0,379510000.0,722670.0,3675652670.0
23,8404.9,14880000.0,8020000.0,1690000000.0,1660000000.0,1880000.0,1410000.0,412830000.0,617020.0,3789637020.0
24,8439.9,9630000.0,5060000.0,1130000000.0,1550000000.0,1040000.0,1210000.0,260970000.00000003,444000.0,2958354000.0
25,8341.6,9820000.0,5430000.0,1300000000.0,1510000000.0,1100000.0,1620000.0,292980000.0,468340.0,3121418340.0
26,8608.1,12540000.0,7600000.0,1510000000.0,1910000000.0,4059999.9999999995,1560000.0,545470000.0,706450.0,3991936450.0
27,8866.6,12630000.0,9030000.0,1960000000.0,1800000000.0,2790000.0,1910000.0,1320000000.0,954200.0,5107314200.0
28,9377.3,11270000.0,7980000.0,1860000000.0,1760000000.0,1450000.0,1450000.0,1120000000.0,749880.0,4762899880.0
29,9299.1,13020000.0,14450000.0,2069999999.9999998,1810000000.0,3060000.0,1790000.0,854490000.0,765210.0,4767575210.0
30,9508.3,11770000.0,12170000.0,1810000000.0,1730000000.0,2250000.0,1650000.0,836730000.0,633370.0,4405203370.0
31,9349.3,13240000.0,12070000.0,1290000000.0,1610000000.0,682500.0,1510000.0,541110000.0,458420.0,3469070920.0
32,9381.5,14540000.0,10550000.0,2470000000.0,1810000000.0,1100000.0,1560000.0,930720000.0,683370.0,5239153370.0
33,9334.6,11950000.0,8880000.0,2089999999.9999998,1760000000.0,2350000.0,1320000.0,576940000.0,701390.0,4452141390.0
34,9296.5,11560000.0,7190000.0,2890000000.0,1980000000.0,2440000.0,1220000.0,533299999.99999994,651680.0,5426361680.0
35,9194.1,14670000.0,8840000.0,3240000000.0,2250000000.0,3300000.0,2069999.9999999998,610710000.0,771460.0,6130361460.0
36,9611.8,16440000.000000002,9750000.0,3080000000.0,1940000000.0,1960000.0,2800000.0,647460000.0,778670.0,5699188670.0
37,9771.9,16730000.0,8350000.0,2120000000.0,2020000000.0,2150000.0,3190000.0,544760000.0,608960.0,4715788960.0
38,9817.3,15980000.0,9380000.0,1970000000.0,3210000000.0,2550000.0,2210000.0,462300000.0,551310.0,5672971310.0
39,9895.4,14280000.0,7520000.0,1960000000.0,3890000000.0,1830000.0,2850000.0,430070000.0,617350.0,6307167350.0
40,10151.5,16500000.0,9460000.0,2060000000.0,3100000000.0,3230000.0,4790000.0,493350000.0,781220.0,5688111220.0
41,9854.0,17390000.0,8050000.000000001,2020000000.0,2550000000.0,5140000.0,3510000.0,447700000.0,791280.0,5052581280.0
42,10229.3,23790000.0,10960000.0,3670000000.0,2500000000.0,3800000.0,2960000.0,790920000.0,803250.0,7003233250.0
43,10321.9,25050000.0,13610000.0,6050000000.0,2750000000.0,2390000.0,3640000.0,967170000.0,940300.0,9812800300.0
44,10235.5,19990000.0,8690000.0,4099999999.9999995,2100000000.0,3540000.0,3250000.0,639240000.0,732510.0,6875442510.0
45,10336.0,22260000.0,11580000.0,4120000000.0,2330000000.0,3150000.0,3360000.0,723110000.0,808810.0,7214268810.0
46,9907.4,24820000.0,15150000.0,4210000000.0,2690000000.0,2310000.0,3750000.0,840380000.0,808910.0,7787218910.0
47,9931.7,25610000.0,12140000.0,3890000000.0,2320000000.0,2750000.0,3210000.0,814810000.0,961880.0,7069481880.0
48,9701.5,24150000.0,10640000.0,3680000000.0,2310000000.0,2310000.0,3010000.0,720240000.0,945910.0,6751295910.0
49,10158.6,20760000.0,12100000.0,3260000000.0,2029999999.9999998,3770000.0,2160000.0,555030000.0,905950.0,5884725950.0
50,9611.9,22070000.0,12450000.0,3280000000.0,2180000000.0,2830000.0,2370000.0,598580000.0,870800.0,6099170800.0
51,9602.2,17460000.0,12130000.0,2450000000.0,1770000000.0,1220000.0,2990000.0,409790000.0,716610.0,4664306610.0
52,9684.5,13400000.0,11560000.0,1820000000.0,1710000000.0,670330.0,2140000.0,282130000.0,589880.0,3840490210.0
53,9655.6,16040000.0,11930000.0,1990000000.0,1690000000.0,1240000.0,3050000.0,362450000.0,775880.0,4075485880.0
54,9943.2,19960000.0,13520000.0,2380000000.0,1790000000.0,2390000.0,2300000.0,448740000.0,980000.0,4657890000.0
55,9662.6,20310000.0,11890000.0,2600000000.0,1960000000.0,2150000.0,2340000.0,425450000.0,937970.0,5023077970.0
56,9317.1,29550000.0,18330000.0,4120000000.0,2340000000.0,2870000.0,3770000.0,974720000.0,1320000.0,7490560000.0
57,8800.1,28830000.0,15070000.0,3130000000.0,1760000000.0,3390000.0,3020000.0,659390000.0,1130000.0,5600830000.0
58,8820.1,24110000.0,13750000.0,2640000000.0,1630000000.0,2360000.0,3100000.0,559790000.0,1080000.0,4874190000.0
59,8697.1,16340000.0,8870000.0,1870000000.0,1500000000.0,1120000.0,3570000.0,373800000.0,683440.0,3774383440.0
60,8543.8,17170000.0,9850000.0,1790000000.0,1630000000.0,1060000.0,2390000.0,423080000.0,784050.0,3874334050.0
61,8537.5,18120000.0,10710000.0,2029999999.9999998,1550000000.0,4200000.0,3270000.0,394760000.0,1020000.0,4012080000.0
62,8906.1,18480000.0,9410000.0,2089999999.9999998,2390000000.0,1610000.0,2550000.0,357540000.0,1010000.0,4870600000.0
63,8761.3,14650000.0,7770000.0,2009999999.9999998,1960000000.0,2210000.0,2410000.0,390640000.0,759690.0,4388439690.0
64,8757.9,17820000.0,9150000.0,2150000000.0,1900000000.0,2880000.0,3090000.0,417300000.0,950760.0,4501190760.0
65,9060.6,17740000.0,8760000.0,2390000000.0,1830000000.0,1710000.0,3230000.0,293270000.0,1040000.0,4545750000.0
66,9134.2,16900000.0,7580000.0,2180000000.0,1980000000.0,1210000.0,2380000.0,271380000.0,750650.0,4460200650.0
67,8887.8,24760000.0,11830000.0,4019999999.9999995,2580000000.0,2300000.0,3470000.0,522110000.0,1110000.0,7165580000.0
68,8035.8,30270000.0,16440000.000000002,4530000000.0,2840000000.0,3880000.0,4050000.0,723820000.0,1540000.0,8150000000.0
69,7933.0,21870000.0,9850000.0,3080000000.0,2410000000.0,2940000.0,3450000.0,599100000.0,1200000.0,6128410000.0
70,7892.1,21260000.0,10460000.0,2870000000.0,2060000000.0,3240000.0,2580000.0,604500000.0,1100000.0,5573140000.0
71,7935.2,53510000.0,31690000.0,9820000000.0,6660000000.0,12150000.0,8800000.0,2200000000.0,3220000.0,18789370000.0
72,4815.2,60700000.0,40420000.0,13830000000.0,6490000000.0,9850000.0,11660000.0,2570000000.0,4170000.0,23016800000.0
73,5589.4,26830000.0,14030000.0,5240000000.0,2790000000.0,2650000.0,5350000.0,707870000.0,1690000.0,8788420000.0
74,5182.9,26240000.0,12730000.0,4760000000.0,2760000000.0,8980000.0,6420000.0,620440000.0,1610000.0,8196420000.0
75,5366.4,40250000.0,20030000.0,7150000000.0,3280000000.0,7650000.0,5820000.0,1160000000.0,2550000.0,11666300000.0
76,5030.2,27090000.0,14090000.0,4790000000.0,2470000000.0,4770000.0,5100000.0,686530000.0,1890000.0,7999470000.0
77,5260.7,25800000.0,13480000.0,4120000000.0,2580000000.0,2330000.0,4450000.0,531440000.00000006,1800000.0,7279300000.0
78,5359.2,33780000.0,16870000.0,4920000000.0,77340000000.0,6940000.0,5850000.0,852990000.0,2180000.0,83178610000.0
79,6171.6,38740000.0,18670000.0,6380000000.0,37630000000.0,7230000.0,6970000.0,1130000000.0,2220000.0,45213830000.0
80,6205.6,27000000.0,11980000.0,3740000000.0,37630000000.0,2110000.0,5810000.0,651880000.0,1640000.0,42070420000.0
81,6186.9,25250000.0,11160000.0,3270000000.0,37990000000.0,2290000.0,4560000.0,571390000.0,1480000.0,41876130000.0
82,5822.0,28620000.0,12430000.0,3960000000.0,37190000000.0,4910000.0,5290000.0,606340000.0,1880000.0,41809470000.0
83,6468.8,27100000.0,9970000.0,3620000000.0,35900000000.0,4070000.0000000005,4630000.0,495080000.0,1730000.0,40062580000.0
84,6744.8,24150000.0,9140000.0,3330000000.0,36150000000.0,4220000.0,3610000.0,450640000.0,1520000.0,39973280000.0
85,6677.9,17710000.0,8580000.0,3360000000.0,35680000000.0,2640000.0,3440000.0,394150000.0,1180000.0,39467700000.0
86,6725.5,18180000.0,9220000.0,5040000000.0,36480000000.0,3120000.0,2780000.0,465020000.0,1160000.0,42019480000.0
87,6373.4,21030000.0,11480000.0,4510000000.0,38200000000.0,4430000.0,2480000.0,511500000.0,1260000.0,43262180000.0
88,6233.2,16329999.999999998,7790000.0,3280000000.0,37160000000.0,2460000.0,2310000.0,357140000.0,916170.0,40826946170.0
89,5890.4,20710000.0,17050000.0,3270000000.0,36560000000.0,3930000.0,4240000.0,397030000.0,1430000.0,40274390000.0
90,6391.1,17300000.0,20820000.0,3250000000.0,36220000000.0,4200000.0,5120000.0,307350000.0,1050000.0,39825840000.0
91,6412.4,19450000.0,21160000.0,3360000000.0,37270000000.0,5060000.0,4360000.0,409240000.0,1400000.0,41090670000.0
92,6638.8,29420000.0,23080000.0,4050000000.0,35610000000.0,5930000.0,5330000.0,534580000.00000006,1740000.0,40260080000.0
93,6799.9,23340000.0,14520000.0,3190000000.0,36040000000.0,3540000.0,5030000.0,371030000.0,1350000.0,39648810000.0
94,6735.9,19750000.0,12540000.0,2550000000.0,35420000000.0,2060000.0,4840000.0,320800000.0,1050000.0,38331040000.0
95,6857.5,18170000.0,10590000.0,2100000000.0,35540000000.0,2660000.0,4280000.0,209560000.0,842330.0,37886102330.0
96,6772.8,37890000.0,18090000.0,3810000000.0,34870000000.0,6790000.0,5580000.0,557450000.0,1530000.0,39307330000.0
97,7332.3,35790000.0,12250000.0,3980000000.0,34259999999.999996,5740000.0,4720000.0,603010000.0,1320000.0,38902830000.0
98,7185.6,24310000.0,11650000.0,2740000000.0,33430000000.0,3770000.0,4610000.0,436340000.0,983940.0,36651663940.0
99,7361.1,20660000.0,11470000.0,2360000000.0,33080000000.0,4390000.0,4630000.0,306330000.0,963550.0,35788443550.0
100,7289.0,28350000.0,16450000.0,2740000000.0,35790000000.0,6960000.0,4000000.0,491590000.0,1370000.0,39078720000.0
101,6862.7,19070000.0,10710000.0,2280000000.0,33909999999.999996,2670000.0,3690000.0,310110000.0,845580.0,36537095580.0
102,6867.9,22600000.0,12090000.0,2650000000.0,33290000000.0,5490000.0,4070000.0000000005,270200000.0,1100000.0,36255550000.0
103,6918.1,25300000.0,18780000.0,3100000000.0,34720000000.0,6050000.0,4310000.0,372890000.0,1250000.0,38248580000.0
104,6841.8,21200000.0,9760000.0,2400000000.0,33770000000.000004,6330000.0,4520000.0,245240000.0,999530.0,36458049530.0
105,6851.3,20700000.0,9190000.0,2630000000.0,34510000000.0,3940000.0,3800000.0,228570000.0,1000000.0,37407200000.0
106,6629.1,32990000.000000004,12580000.0,3760000000.0,34410000000.0,3550000.0,4070000.0000000005,506500000.0,1540000.0,38731230000.0
107,7085.5,20050000.0,8900000.0,2190000000.0,32930000000.0,3520000.0,3150000.0,256350000.00000003,810100.0,35412780100.0
108,7035.9,24750000.0,9750000.0,2080000000.0,32670000000.0,3640000.0,3960000.0,312670000.0,796450.0,35105566450.0
109,7230.9,23270000.0,15510000.0,2150000000.0,33180000000.0,2620000.0,2970000.0,349280000.0,5930000.0,35729580000.0
110,7122.9,33680000.0,21800000.0,3180000000.0,33710000000.0,8170000.0,3220000.0,427110000.0,1260000.0,37385240000.0
111,6833.4,23630000.0,15120000.0,2640000000.0,33890000000.0,5380000.0,3140000.0,299920000.0,892570.0,36878082570.0
112,6842.5,23810000.0,16840000.0,2190000000.0,32850000000.0,4580000.0,3300000.0,256430000.0,914180.0,35345874180.0
113,7112.8,28730000.0,23770000.0,2960000000.0,32380000000.000004,6380000.0,3450000.0,857990000.0,1340000.0,36261660000.0
114,7491.3,19840000.0,19240000.0,2350000000.0,32240000000.000004,5700000.0,3010000.0,845260000.0,951950.0,35484001950.0
115,7503.9,21870000.0,20910000.0,2000000000.0,31930000000.0,2380000.0,2950000.0,468580000.0,861930.0,34447551930.0
116,7540.4,23130000.0,23950000.0,1860000000.0,32330000000.0,3310000.0,3320000.0,671410000.0,921590.0,34916041590.0
117,7679.4,23330000.0,21970000.0,2029999999.9999998,30170000000.0,4530000.0,2940000.0,756600000.0,980500.0,33010350500.0
118,7766.0,21810000.0,13730000.0,3210000000.0,29410000000.0,5280000.0,2840000.0,567450000.0,808090.0,33231918090.0
119,7746.7,32869999.999999996,18110000.0,3820000000.0,28580000000.0,9380000.0,3820000.0,839190000.0,1830000.0,33305200000.0
120,8770.6,35460000.0,14830000.0,4269999999.9999995,29440000000.0,11560000.0,4130000.0,1220000000.0,2040000.0,34998020000.0
121,8628.6,23080000.0,10800000.0,2730000000.0,28060000000.0,6380000.0,3800000.0,630030000.0,1110000.0,31465200000.0
122,8821.6,18310000.0,11060000.0,2390000000.0,26880000000.0,4250000.0,3010000.0,411830000.0,890340.0,29719350340.0
123,8966.2,23120000.0,13380000.0,2420000000.0,27450000000.0,5800000.0,2620000.0,496990000.0,1150000.0,30413060000.0
124,8885.5,27210000.0,13180000.0,2880000000.0,27830000000.0,4660000.0,2760000.0,748260000.0,1120000.0,31507190000.0
125,8874.2,21050000.0,8210000.000000001,2270000000.0,27500000000.0,4950000.0,2610000.0,453110000.0,1050000.0,30260980000.0
126,9000.6,24030000.0,10170000.0,2300000000.0,27200000000.0,3140000.0,2720000.0,426750000.0,1620000.0,29968430000.0
127,9152.7,26710000.0,13600000.0,2880000000.0,26680000000.0,8090000.0,3030000.0,491770000.0,1910000.0,30105110000.0
128,9980.1,23080000.0,10760000.0,2610000000.0,26420000000.0,7570000.0,2620000.0,606900000.0,1420000.0,29682350000.0
129,9806.0,20900000.0,10080000.0,2740000000.0,26700000000.0,6300000.0,2230000.0,457370000.0,1490000.0,29938370000.0
130,9553.9,35980000.0,18600000.0,3810000000.0,29420000000.0,14740000.0,2910000.0,1160000000.0,2470000.0,34464700000.0
131,8737.6,26740000.0,15360000.0,3150000000.0,29150000000.0,9210000.0,2730000.0,1020000000.0,2290000.0,33376330000.0
132,8569.8,15580000.0,12790000.0,2210000000.0,27530000000.0,8560000.0,3030000.0,654240000.0,1350000.0,30435550000.0
133,8813.9,17470000.0,10540000.0,2160000000.0,27520000000.0,10290000.0,2810000.0,498250000.0,1500000.0,30220860000.0
134,9298.7,20750000.0,12720000.0,2250000000.0,27620000000.0,9460000.0,2800000.0,470380000.0,1770000.0,30387880000.0
135,9778.6,16620000.000000002,11700000.0,2060000000.0,27280000000.0,4750000.0,2310000.0,441860000.0,1560000.0,29818800000.0
136,9318.1,15520000.0,12690000.0,1520000000.0,27090000000.0,3270000.0,2730000.0,337380000.0,1100000.0,28982690000.0
137,9376.6,15780000.0,13480000.0,1240000000.0,26590000000.0,2710000.0,2890000.0,259510000.0,1180000.0,28125550000.0
138,9678.4,17730000.0,16790000.0,1570000000.0,27200000000.0,4210000.0,3120000.0,591410000.0,1180000.0,29404440000.0
139,9730.8,13960000.0,11880000.0,1170000000.0,2340000000.0,5120000.0,3250000.0,520700000.00000006,1160000.0,4066070000.0
140,9773.0,12190000.0,11740000.0,1200000000.0,2280000000.0,5890000.0,2400000.0,539810000.0,1150000.0,4053180000.0
141,9511.6,14360000.0,12040000.0,1390000000.0,2620000000.0,6500000.0,2160000.0,710780000.0,1410000.0,4757250000.0
142,9058.2,12130000.0,10410000.0,1550000000.0,2420000000.0,6480000.0,2520000.0,612150000.0,914590.0,4614604590.0
143,9169.8,9910000.0,8000000.0,1040000000.0,2400000000.0,3570000.0,2300000.0,358310000.0,812560.0,3822902560.0
144,9177.9,11890000.0,9730000.0,1050000000.0,2550000000.0,5010000.0,2270000.0,410630000.0,1110000.0,4040640000.0
145,8728.0,10630000.0,5980000.0,1220000000.0,2860000000.0,2450000.0,2360000.0,485430000.0,941890.0,4587791890.0
146,8897.7,10440000.0,8260000.0,1150000000.0,2200000000.0,4030000.0000000005,2009999.9999999998,390240000.0,784920.0,3765764920.0
147,8842.3,10280000.0,9380000.0,1280000000.0,1990000000.0,7780000.0,2610000.0,451110000.0,810890.0,3751970890.0
148,9199.8,12510000.0,10010000.0,1340000000.0,1870000000.0,6250000.0,2870000.0,1060000000.0,948860.0,4302588860.0
149,9573.4,12360000.0,10430000.0,1280000000.0,1460000000.0,6650000.0,2600000.0,1020000000.0,814330.0,3792854330.0
150,9424.8,14340000.0,13380000.0,1540000000.0,1910000000.0,7880000.0,2970000.0,1720000000.0,720620.0,5209290620.0
151,9692.9,12430000.0,12400000.0,1710000000.0,1730000000.0,7990000.0,2610000.0,2730000000.0,645270.0,6206075270.0
152,9454.5,11970000.0,10400000.0,1660000000.0,1860000000.0,10730000.0,2990000.0,2069999999.9999998,796680.0,5626886680.0
153,10190.7,12690000.0,16379999.999999998,2049999999.9999998,2480000000.0,7650000.0,2540000.0,1700000000.0,1060000.0,6270320000.0
154,9527.0,8150000.0,12430000.0,1230000000.0,1590000000.0,7660000.0,2650000.0,1630000000.0,558120.0,4481448120.0
155,9667.2,8750000.0,12180000.0,1360000000.0,4360000000.0,7060000.0,2320000.0,1880000000.0,593660.0,7630903660.0
156,9794.0,7750000.0,11370000.0,1170000000.0,3750000000.0,4760000.0,2450000.0,1050000000.0,527050.0,5996857050.0
157,9630.8,6620000.0,9610000.0,851000000.0,3800000000.0,2740000.0,2110000.0,538990000.0,370850.0,5211440850.0
158,9669.6,8100000.0,10710000.0,996830000.0,3850000000.0,4099999.9999999995,1820000.0,848380000.0,549200.0,5720489200.0
159,9743.4,6550000.0,10020000.0,799780000.0,3680000000.0,5750000.0,1660000.0,433670000.0,431040.0,4937861040.0
160,9777.7,6860000.0,8410000.0,933540000.0,3880000000.0,5480000.0,1630000.0,417680000.0,479550.0,5254079550.0
161,9768.8,7630000.0,9300000.0,911780000.0,3780000000.0,2160000.0,1810000.0,845300000.0,533550.0,5558513550.0
162,9878.9,12400000.0,12480000.0,1380000000.0,4620000000.0,6740000.0,1800000.0,986230000.0,919300.0,7020569300.0
163,9283.7,7340000.0,9900000.0,903450000.0,4460000000.0,4670000.0,1930000.0,674430000.0,529280.0,6062249280.0
164,9466.5,5270000.0,7810000.0,706600000.0,3850000000.0,1460000.0,2020000.0,399500000.0,364970.0,4973024970.0
165,9470.7,5780000.0,7300000.0,671960000.0,3130000000.0,2240000.0,1700000.0,271370000.0,311270.0,4090661270.0
166,9345.5,10180000.0,11280000.0,1290000000.0,5070000000.0,7580000.0,1520000.0,1110000000.0,750900.0,7501310900.0
167,9425.6,7030000.0,9320000.0,798670000.0,4290000000.0,4600000.0,1610000.0,645470000.0,545470.0,5757245470.0
168,9523.6,5940000.0,8150000.0,1030000000.0,4000000000.0,4740000.0,1500000.0,857710000.0,446450.0,5908486450.0
169,9464.6,4960000.0,6380000.0,852100000.0,3260000000.0,4770000.0,1380000.0,650930000.0,391670.0,4780911670.0
170,9390.3,5560000.0,4660000.0,1010000000.0,3300000000.0,7170000.0,1320000.0,551930000.0,478490.0,4881118490.0
171,9314.0,4540000.0,5930000.0,692330000.0,2960000000.0,2390000.0,1430000.0,371980000.0,383440.0,4038983440.0
172,9358.8,4099999.9999999995,5230000.0,623940000.0,2850000000.0,2260000.0,1320000.0,328800000.0,335990.0,3815985990.0
173,9296.5,7930000.0,7060000.0,1070000000.0000001,3150000000.0,7750000.0,1710000.0,461600000.0,523320.00000000006,4706573320.0
174,9683.9,5160000.0,4650000.0,793850000.0,3030000000.0,5080000.0,1450000.0,388380000.0,375490.0,4228945490.0
175,9624.6,9130000.0,9240000.0,1010000000.0,3300000000.0,4350000.0,1530000.0,874130000.0,515780.0,5208895780.0
176,9300.8,6480000.0,7730000.0,912400000.0,2760000000.0,6010000.0,1200000.0,559700000.0,524450.0,4254044450.0
177,9247.5,6960000.0,10300000.0,1110000000.0,2600000000.0,2990000.0,1040000.0,370200000.0,489840.0,4101979840.0
178,9160.5,7210000.0,7530000.0,975540000.0,2690000000.0,4330000.0,1310000.0,459370000.0,441930.0,4145731930.0
179,9008.4,5910000.0,6890000.0,856630000.0,2850000000.0,2430000.0,1400000.0,487630000.0,329010.0,4211219010.0
180,9122.8,6800000.0,7530000.0,880970000.0,3050000000.0,6490000.0,1510000.0,655430000.0,401120.0,4609131120.0
181,9186.0,5600000.0,6600000.0,639090000.0,2860000000.0,5720000.0,1310000.0,455050000.0,381730.0,3973751730.0
182,9135.9,6310000.0,6190000.0,773690000.0,2790000000.0,6100000.0,1610000.0,1110000000.0,366780.0,4694266780.0
183,9229.9,7280000.0,7110000.0,925560000.0,2760000000.0,5160000.0,1400000.0,1400000000.0,483100.0,5106993100.0
184,9085.0,5200000.0,6220000.0,802840000.0,2770000000.0,4850000.0,1210000.0,1380000000.0,333880.0,4970653880.0
185,9067.1,5450000.0,5750000.0,773850000.0,2600000000.0,1630000.0,1320000.0,962940000.0,261250.0,4351201250.0
186,9134.3,5410000.0,5620000.0,777710000.0,2560000000.0,2049999.9999999998,1120000.0,828320000.0,314100.0,4180544100.0
187,9080.4,9450000.0,10930000.0,1250000000.0,4520000000.0,5080000.0,1610000.0,971560000.0,510270.0,6769140270.0
188,9338.8,6260000.0,7400000.0,935860000.0,12700000000.0,4050000.0,1880000.0,1490000000.0,420550.0,15145870550.0
189,9256.3,12980000.0,13320000.0,2170000000.0,48780000000.0,7430000.0,2270000.0,2920000000.0,509940.0,53906509940.0
190,9430.1,9020000.0,11850000.0,2280000000.0,24230000000.0,0.0,1870000.0,1750000000.0,444270.0,28283184270.0
191,9239.0,6840000.0,11400000.0,1360000000.0,18810000000.0,7040000.0,2100000.0,1470000000.0,418470.0,21667798470.0
192,9285.8,6420000.0,10640000.0,1130000000.0,11320000000.0,702240.0,2320000.0,972210000.0,353920.0,13442646160.0
193,9234.2,6810000.0,23410000.0,863290000.0,6560000000.0,2900000.0,2990000.0,887710000.0,366880.0,8347476880.0
194,9300.5,8320000.0,24850000.0,1310000000.0,13400000000.0,6680000.0,3230000.0,1410000000.0,456870.0,16163536870.0
195,9243.1,7070000.0,17610000.0,948660000.0,7340000000.0,4920000.0,2380000.0,1160000000.0,453830.0,9481093830.0
196,9253.6,7350000.0,9510000.0,772570000.0,5240000000.0,5610000.0,1960000.0,748530000.0,429840.0,6785959840.0
197,9198.7,6630000.0,9110000.0,1050000000.0,6240000000.0,6410000.0,2049999.9999999998,1120000000.0,429040.0,8434629040.0
198,9135.4,5880000.0,8700000.0,910350000.0,5700000000.0,5500000.0,1860000.0,579380000.0,310920.0,7211980920.0
199,9155.8,5790000.0,7350000.0,988420000.0,18060000000.0,2900000.0,1690000.0,553940000.0,276400.0,19620366400.0
200,9170.1,6610000.0,6690000.0,877530000.0,9430000000.0,1930000.0,2600000.0,376550000.0,265250.0,10702175250.0
201,9208.1,5360000.0,6780000.0,946400000.0,5600000000.0,5620000.0,2490000.0,438330000.0,312980.0,7005292980.0
202,9162.3,6290000.0,7200000.0,998170000.0,4840000000.0,7650000.0,2110000.0,512490000.0,458990.0,6374368990.0
203,9387.4,6680000.0,7850000.0,1000000000.0,3520000000.0,6840000.0,2170000.0,352250000.0,386000.0,4896176000.0
204,9513.6,8790000.0,10990000.0,1420000000.0,3890000000.0,9730000.0,2390000.0,410780000.0,425660.0,5753105660.0
205,9599.2,7170000.0,6610000.0,1020000000.0,4160000000.0,7010000.0,2790000.0,353460000.0,359160.0,5557399160.0
206,9546.7,8590000.0,13620000.0,1260000000.0,4260000000.0,3780000.0,2960000.0,1370000000.0,306290.0,6919256290.0
207,9690.0,9190000.0,16210000.0,1550000000.0,4570000000.0,5860000.0,2860000.0,1600000000.0,415070.0,7754535070.0
208,9932.7,13730000.0,19590000.0,2100000000.0,5860000000.0,12800000.0,3840000.0,1720000000.0,908990.0,9730868990.0
209,10961.1,9910000.0,17790000.0,2000000000.0,3960000000.0,11680000.0,3520000.0,1180000000.0,658370.0,7183558370.0
210,10908.4,8720000.0,13080000.0,2440000000.0,3230000000.0,9730000.0,2230000.0,817300000.0,576830.0,6521636830.0
211,11105.8,9070000.0,17690000.0,1930000000.0,2870000000.0,8990000.0,2060000.0,498130000.0,501140.0,5336441140.0
212,11096.5,8690000.0,12080000.0,1780000000.0,3280000000.0,6610000.0,2240000.0,416190000.0,530950.0,5506340950.0
213,11333.2,11030000.0,16690000.000000002,3300000000.0,11350000000.0,7690000.0,2660000.0,674870000.0,611470.0,15363551470.0
214,11802.6,16379999.999999998,20580000.0,5370000000.0,8029999999.999999,13070000.0,3360000.0,902030000.0,647950.0,14356067950.0
215,11066.9,9920000.0,11490000.0,3330000000.0,4200000000.0,6890000.0,2670000.0,424270000.0,470240.0,7985710240.0
216,11223.8,9840000.0,10280000.0,2740000000.0,4950000000.0,7980000.0,2390000.0,677470000.0,485790.0,8398445790.0
217,11184.8,8740000.0,10760000.0,2069999999.9999998,4330000000.0,7790000.0,3690000.0,460380000.0,570830.0,6891930830.0
218,11735.0,7920000.0,11630000.0,1820000000.0,4010000000.0,6620000.0,2450000.0,443600000.0,554850.0,6302774850.0
219,11757.1,8340000.0,10730000.0,1880000000.0,4800000000.0,8600000.0,2770000.0,545180000.0,517000.0,7256137000.0
220,11591.6,4940000.0,6580000.0,1100000000.0,4050000000.0,5640000.0,2410000.0,497230000.0,317060.0,5667117060.0
221,11764.4,4970000.0,5790000.0,1180000000.0,3560000000.0,6150000.0,2110000.0,680860000.0,303000.0,5440183000.0
222,11681.1,8010000.0,11360000.0,1970000000.0,4520000000.0,13310000.0,2110000.0,538550000.0,564110.0,7063904110.0
223,11889.2,9440000.0,14130000.0,2650000000.0,5590000000.0,12620000.0,3210000.0,577550000.0,615900.0,8857565900.0
224,11390.4,8590000.0,15000000.0,1970000000.0,4490000000.0,10180000.0,2460000.0,688900000.0,549590.0,7185679590.0
225,11557.2,12040000.0,16020000.0,2000000000.0,4770000000.0,13840000.0,3080000.0,629970000.0,545670.0,7445495670.0
226,11771.1,8670000.0,13350000.0,2100000000.0,3480000000.0,12270000.0,3820000.0,437030000.0,435440.0,6055575440.0
227,11751.1,7270000.0,18730000.0,1810000000.0,3760000000.0,8230000.0,2740000.0,468830000.0,499100.0,6076299100.0
228,11845.5,7020000.0,19190000.0,1740000000.0,3200000000.0,8850000.0,2720000.0,373360000.0,410810.0,5351550810.0
229,11898.8,7830000.0,20200000.0,2750000000.0,5550000000.0,13790000.0,2420000.0,652120000.0,628410.0,8996988410.0
230,12283.0,8180000.0,20150000.0,2150000000.0,4230000000.0000005,15520000.0,2530000.0,503010000.0,606790.0,6929996790.0
231,11944.4,8440000.0,17510000.0,1990000000.0,3360000000.0,14500000.0,2130000.0,632390000.0,550260.0,6025520260.0
232,11751.0,6230000.0,14910000.0,1220000000.0,2060000000.0,13160000.0,2240000.0,465460000.0,430930.0,3782430930.0
233,11856.9,7620000.0,16340000.0,1530000000.0,4260000000.0,18740000.0,2500000.0,568980000.0,506380.0,6404686380.0
234,11529.2,6730000.0,12520000.0,1220000000.0,2580000000.0,11390000.0,1890000.0,459120000.0,433980.0,4292083980.0
235,11661.1,5360000.0,12580000.0,969030000.0,1970000000.0,6530000.0,1620000.0,365800000.0,377330.0,3331297330.0
236,11641.6,6690000.0,12770000.0,988010000.0,2900000000.0,11800000.0,1880000.0,403130000.0,429130.0,4324709130.0
237,11752.9,8279999.999999999,13870000.0,1300000000.0,7650000000.0,16469999.999999998,2270000.0,868150000.0,594070.0,9859634070.0
238,11324.9,6690000.0,11470000.0,1100000000.0,8810000000.0,14330000.0,2500000.0,601410000.0,513059.99999999994,10546913060.0
239,11462.3,7030000.0,12690000.0,1560000000.0,10010000000.0,17550000.0,2930000.0,734800000.0,560590.0,12345560590.0
240,11327.5,6160000.0,13960000.0,1180000000.0,6570000000.0,12810000.0,2550000.0,498130000.0,464940.0,8284074940.0
241,11527.8,5230000.0,11650000.0,952890000.0,8480000000.0,7580000.0,1850000.0,430430000.0,389850.0,9890019850.0
242,11468.1,6670000.0,14950000.0,1160000000.0,8480000000.0,6980000.0,1910000.0,438730000.0,409360.0,10109649360.0
243,11701.1,7890000.0,14610000.0,1160000000.0,9460000000.0,17920000.0,1770000.0,805510000.0,496140.0,11468196140.0
244,11644.2,10420000.0,13690000.0,1630000000.0,9170000000.0,17850000.0,4440000.0,647010000.0,580690.0,11493990690.0
245,11914.4,30140000.0,14910000.0,2080000000.0,5650000000.0,24320000.0,5880000.0,692550000.0,20260000.0,8518060000.0
246,11413.2,33590000.0,16629999.999999998,2069999999.9999998,6140000000.0,24910000.0,7210000.0,982100000.0,9650000.0,9284090000.0
247,10168.7,25200000.0,16210000.0,2069999999.9999998,5700000000.0,17850000.0,5330000.0,1240000000.0,12500000.0,9087090000.0
248,10472.3,35320000.0,17370000.0,2220000000.0,5070000000.0,15650000.0,4590000.0,989940000.0,14720000.0,8367590000.0
249,10092.2,20130000.0,13790000.0,1780000000.0,5150000000.0,8279999.999999999,8109999.999999999,713370000.0,12120000.0,7705800000.0
250,10296.4,21690000.0,14210000.0,1770000000.0,4320000000.0,12310000.0,5460000.0,689520000.0,12400000.0,6845590000.0
251,10376.9,18980000.0,15520000.0,1750000000.0,3090000000.0,17210000.0,5160000.0,725150000.0,113900.0,5622133900.0
252,10126.8,14070000.0,12840000.0,1430000000.0,2580000000.0,14440000.0,4019999.9999999995,459460000.0,71370.0,4514901370.0
253,10224.3,16500000.0,13860000.0,1560000000.0,2890000000.0,19930000.0,4200000.0,579550000.0,88010.0,5084128010.0
254,10339.8,12530000.0,12740000.0,1350000000.0,2790000000.0,13640000.0,3620000.0,456900000.0,62280.0,4639492280.0
255,10390.2,11490000.0,14210000.0,1350000000.0,2280000000.0,6100000.0,6540000.0,349310000.0,48490.0,4017698490.0
256,10441.7,10380000.0,9460000.0,1020000000.0,2020000000.0,9800000.0,10640000.0,452100000.0,66120.0,3532446120.0
257,10332.7,10340000.0,10630000.0,1070000000.0000001,1840000000.0,12920000.0,9030000.0,552290000.0,96640.0,3505306640.0
258,10675.2,9060000.0,8990000.0,1070000000.0000001,2210000000.0,17260000.0,7950000.0,549790000.0,91700.0,3873141700.0
259,10785.2,9060000.0,9690000.0,1090000000.0,2020000000.0,18620000.0,5780000.0,637880000.0,94940.0,3791124940.0
260,10950.1,12850000.0,8620000.0,1100000000.0,1410000000.0,11230000.0,4620000.0,539470000.0,77220.0,3086867220.0
261,10941.3,8950000.0,10950000.0,1090000000.0,1150000000.0,20750000.0,4250000.0,234730000.0,63480.0,2519693480.0
262,10933.0,6740000.0,10230000.0,862880000.0,1540000000.0,6290000.0,2430000.0,342090000.0,51630.0,2770711630.0
263,11081.6,7300000.0,9820000.0,774900000.0,1690000000.0,6300000.0,2850000.0,385330000.0,53390.0,2876553390.0
264,10919.9,11410000.0,10770000.0,1240000000.0,2400000000.0,21960000.0,5250000.0,806980000.0,109850.0,4496479850.0
265,10419.4,9290000.0,10240000.0,835780000.0,1360000000.0,15810000.0,3300000.0,527850000.0,63520.0,2762333520.0
266,10531.5,13880000.0,7590000.0,705560000.0,1500000000.0,18040000.0,3130000.0,493210000.0,74950.0,2741484950.0
267,10238.1,9400000.0,14850000.0,791790000.0,1400000000.0,13780000.0,3290000.0,641680000.0,82950.0,2874872950.0
268,10739.9,8470000.0,8880000.0,875930000.0,2109999999.9999998,12720000.0,2830000.0,1170000000.0,71430.0,4188901430.0
269,10688.9,6480000.0,18320000.0,939300000.0,1660000000.0,3980000.0,3120000.0,678240000.0,37850.0,3309477850.0
270,10727.9,6350000.0,19530000.0,943950000.0,1060000000.0,4770000.0,2560000.0,716500000.0,40920.0,2753700920.0
271,10776.4,7770000.0,10510000.0,1400000000.0,1600000000.0,12080000.0,3220000.0,788730000.0,72290.0,3822382290.0
272,10694.3,6260000.0,11040000.0,1250000000.0,2200000000.0,13560000.0,3640000.0,627550000.0,59640.0,4112109640.0
273,10843.4,5430000.0,10930000.0,1220000000.0,1460000000.0,12780000.0,3110000.0,519539999.99999994,55550.0,3231845550.0
274,10776.6,7930000.0,14410000.0,1240000000.0,2360000000.0,15250000.0,4050000.0,633980000.0,95330.0,4275715330.0
275,10619.6,7270000.0,10490000.0,1230000000.0,4000000000.0,14200000.0,4139999.9999999995,794850000.0,77940.0,6061027940.0
276,10572.2,4480000.0,9790000.0,1080000000.0,1830000000.0,3150000.0,2950000.0,373340000.0,29100.0,3303739100.0
277,10544.4,4770000.0,11300000.0,1300000000.0,1880000000.0,3100000.0,3100000.0,403640000.0,31400.0,3605941400.0
278,10672.5,4960000.0,13470000.0,1160000000.0,1820000000.0,21560000.0,2270000.0,506970000.0,48860.0,3529278860.0
279,10790.2,7320000.0,15510000.0,1410000000.0,2020000000.0,15220000.0,2810000.0,563640000.0,69070.0,4034569070.0
280,10601.0,5770000.0,11630000.0,1150000000.0,2160000000.0,18320000.0,2060000.0,415840000.0,49270.0,3763669270.0
281,10670.7,6850000.0,11620000.0,975370000.0,2260000000.0,13080000.0,2480000.0,522490000.0,79780.0,3791969780.0
282,10923.5,7850000.0,9940000.0,1250000000.0,2470000000.0,15340000.0,2590000.0,610830000.0,70950.0,4366620950.0
283,11053.5,7170000.0,16430000.0,1240000000.0,1710000000.0,4570000.0,2400000.0,1010000000.0,65810.0,3990635810.0
284,11295.6,5220000.0,12340000.0,1130000000.0,815470000.0,4820000.0,2340000.0,636860000.0,41060.0,2607091060.0
285,11370.8,10390000.0,11750000.0,1390000000.0,1260000000.0,10860000.0,4360000.0,817340000.0,84020.0,3504784020.0
286,11533.5,7920000.0,8480000.0,1290000000.0,926050000.0,14850000.0,3340000.0,864290000.0,64670.0,3114994670.0
287,11424.4,8080000.0,10680000.0,1070000000.0000001,735260000.0,14920000.0,2470000.0,675410000.0,59120.0,2516879120.0
288,11421.4,7930000.0,15540000.0,1130000000.0,1270000000.0,15640000.0,2680000.0,449880000.0,70840.0,2891740840.0
289,11503.2,7590000.0,9540000.0,1150000000.0,1420000000.0,15800000.0,2970000.0,73150000.0,71420.0,2679121420.0
290,11321.8,4980000.0,20210000.0,1110000000.0,597980000.0,3570000.0,1860000.0,347450000.0,29860.0,2086079860.0
291,11362.1,4680000.0,30580000.0,1120000000.0,653260000.0,2700000.0,2270000.0,253570000.0,31510.0,2067091510.0
292,11507.1,6850000.0,6960000.0,1080000000.0,1410000000.0,19460000.0,1750000.0,402600000.0,73040.0,2927693040.0
293,11753.9,7460000.0,8440000.0,1040000000.0,1360000000.0,13280000.0,2580000.0,635030000.0,94590.0,3066884590.0
294,11913.6,13610000.0,13470000.0,1120000000.0,1700000000.0,20280000.0,2660000.0,582730000.0,197720.0,3452947720.0
295,12805.5,12650000.0,10320000.0,1100000000.0,1330000000.0,17380000.0,2830000.0,517210000.00000006,113310.0,2990503310.0
296,12972.7,8180000.0,11950000.0,765490000.0,959320000.0,13890000.0,2029999.9999999998,385500000.0,73940.0,2146433940.0
297,12933.6,2680000.0,13890000.0,726900000.0,969000000.0,4820000.0,1620000.0,328290000.0,51200.0,2047251200.0
298,13117.0,3050000.0,14020000.0,804280000.0,1130000000.0,5500000.0,1490000.0,260649999.99999997,59730.0,2219049730.0
299,13033.0,9060000.0,12760000.0,1000000000.0,5750000000.0,11830000.0,2650000.0,455160000.0,89470.0,7241549470.0
300,13061.5,6290000.0,12080000.0,897910000.0,2380000000.0,17070000.0,2890000.0,399490000.0,128639.99999999999,3715858640.0
301,13658.3,9960000.0,9670000.0,990700000.0,1810000000.0,14430000.0,2210000.0,559720000.0,144180.0,3396834180.0
302,13278.3,3040000.0,9750000.0,982830000.0,1220000000.0,14180000.0,1980000.0,519799999.99999994,111230.0,2751691230.0
303,13457.0,2810000.0,8100000.0,972350000.0,1640000000.0,17740000.0,3210000.0,573500000.0,108770.0,3217818770.0
304,13560.2,6420000.0,7310000.0,872340000.0,1050000000.0,6740000.0,1980000.0,402660000.0,102750.0,2347552750.0
305,13795.5,5520000.0,7270000.0,861220000.0,657410000.0,3760000.0,1910000.0,68030000.0,51710.0,1605171710.0
306,13759.7,9430000.0,13820000.0,1080000000.0,1170000000.0,17130000.0,2130000.0,479670000.0,97760.0,2772277760.0
307,13560.5,6730000.0,9660000.0,1030000000.0,1330000000.0,17210000.0,2590000.0,463600000.0,108170.0,2859898170.0
308,14023.0,6170000.0,9080000.0,1020000000.0,1260000000.0,18940000.0,2040000.0,504110000.0,140800.0,2820480800.0
309,14145.6,7040000.0,8330000.0,978750000.0,1290000000.0,33490000.000000004,2400000.0,545760000.0,227490.0,2865997490.0
310,15593.9,6530000.0,7770000.0,1070000000.0000001,2800000000.0,24500000.0,2740000.0,756240000.0,186130.0,4667966130.0
311,15578.2,7780000.0,9120000.0,976550000.0,2240000000.0,16489999.999999998,3090000.0,1080000000.0,160730.0,4333190730.0
312,14826.6,4820000.0,5920000.0,843460000.0,923760000.0,12840000.0,2300000.0,503320000.0,94990.0,2296514990.0
313,15483.3,28850000.0,7510000.0,1000000000.0,1480000000.0,17290000.0,2150000.0,563630000.0,165040.0,3099595040.0
314,15328.0,20760000.0,6950000.0,1070000000.0000001,2520000000.0,20630000.0,2170000.0,485030000.0,93360.0,4125633360.0
315,15303.1,15130000.0,8680000.0,834930000.0,1990000000.0,20840000.0,1970000.0,424730000.0,119070.0,3296399070.0
316,15695.8,9330000.0,7250000.0,738890000.0,1150000000.0,29590000.0,1660000.0,386560000.0,165540.0,2323445540.0
317,16293.0,9850000.0,10230000.0,942550000.0,1580000000.0,26640000.0,1940000.0,424380000.0,113750.0,2995703750.0
318,16323.1,9170000.0,7820000.0,1050000000.0,1880000000.0,10280000.0,1500000.0,545700000.0,83640.0,3504553640.0
319,16074.7,9340000.0,9450000.0,885340000.0,1320000000.0,9030000.0,1440000.0,380820000.0,58430.0,2615478430.0
320,15954.1,5620000.0,10440000.0,1070000000.0000001,3970000000.0,23430000.0,1690000.0,342830000.0,118090.0,5424128090.0
321,16715.8,7930000.0,8210000.000000001,1470000000.0,3210000000.0,27730000.0,2240000.0,662410000.0,175870.0,5388695870.0
322,17662.3,18190000.0,9780000.0,1350000000.0,2870000000.0,32439999.999999996,2220000.0,692600000.0,233430.0,4975463430.0
323,17775.1,12530000.0,9070000.0,1180000000.0,1900000000.0,21690000.0,2020000.0,449270000.0,135940.0,3574715940.0
324,17805.5,30850000.0,8700000.0,1450000000.0,2780000000.0,27760000.0,2490000.0,720770000.0,134420.0,5020704420.0
325,18673.8,26860000.0,8260000.0,3310000000.0,9100000000.0,16890000.0,3160000.0,1500000000.0,108910.0,13965278910.0
326,18689.3,36760000.0,200030000.0,3840000000.0,5990000000.0,20070000.0,2840000.0,2690000000.0,121760.0,12779821760.0
327,18428.1,49680000.0,218880000.0,3490000000.0,5150000000.0,39190000.0,2920000.0,2049999999.9999998,127350.0,11000797350.0
328,18394.6,41110000.0,233150000.0,5300000000.0,13300000000.0,48400000.0,7290000.0,2530000000.0,180790.0,21460130790.0
329,19151.5,14500000.0,199550000.0,3200000000.0,7730000000.0,40940000.0,4590000.0,1620000000.0,146120.0,12809726120.0
330,18721.9,13110000.0,254540000.0,4590000000.0,7720000000.0,43350000.0,6240000.0,2260000000.0,312070.0,14887552070.0
331,17160.9,6420000.0,183090000.0,2480000000.0,2940000000.0,29570000.0,2320000.0,1220000000.0,138800.0,6861538800.0
332,17142.6,5340000.0,159600000.0,2500000000.0,2140000000.0000002,18370000.0,2640000.0,1770000000.0,95200.0,6596045200.0
333,17729.7,5790000.0,170010000.0,1770000000.0,1610000000.0,13200000.0,2860000.0,1430000000.0,79120.0,5001939120.0
334,18186.0,51720000.0,181160000.0,2270000000.0,2450000000.0,45300000.0,2970000.0,1460000000.0,185590.0,6461335590.0
335,19697.8,49420000.0,252330000.0,2040000000.0,2970000000.0,48140000.0,3140000.0,1660000000.0,208720.0,7023238720.0
336,18767.9,16210000.0,209070000.0,1200000000.0,1800000000.0,46750000.0,2370000.0,811580000.0,91920.0,4086071920.0
337,19219.8,24000000.0,172660000.0,897530000.0,1730000000.0,55080000.0,1920000.0,705560000.0,99970.0,3586849970.0
338,19431.1,48950000.0,167720000.0,1320000000.0,1650000000.0,47000000.0,2060000.0,750340000.0,110630.0,3986180630.0
339,18657.5,30830000.0,153250000.0,987020000.0,1120000000.0,14410000.0,1830000.0,614130000.0,59440.0,2921529440.0
340,19146.0,13140000.0,141430000.0,1290000000.0,1050000000.0,9450000.0,1330000.0,494180000.0,54560.0,2999584560.0
341,19368.4,7720000.0,148200000.0,898960000.0,1040000000.0,38610000.0,1230000.0,413790000.0,61980.0,2548571980.0
342,19170.8,8109999.999999999,153240000.0,1180000000.0,1430000000.0,49840000.0,1840000.0,687630000.0,101410.0,3510761410.0
343,18322.4,9100000.0,154330000.0,1820000000.0,1280000000.0,64930000.00000001,1640000.0,853860000.0,129720.0,4183989720.0
344,18546.1,19600000.0,133710000.00000001,1150000000.0,780040000.0,47620000.0,1340000.0,489740000.0,85310.0,2622135310.0
345,18250.5,30170000.0,130680000.0,1690000000.0,996310000.0,54830000.0,1250000.0,505090000.0,111530.0,3408441530.0
346,18026.7,1620000.0,131720000.0,2150000000.0,1100000000.0,12530000.0,1300000.0,411010000.0,71370.0,3808251370.0
347,18808.1,2029999.9999999998,141710000.0,1280000000.0,1150000000.0,16719999.999999998,1640000.0,525600000.0,82450.0,3117782450.0
348,19176.4,1780000.0,151610000.0,869690000.0,1160000000.0,29360000.0,2029999.9999999998,363180000.0,67110.0,2577717110.0
349,19273.9,1740000.0,153500000.0,1260000000.0,1110000000.0,35540000.0,1620000.0,439640000.0,98390.0,3002138390.0
350,19434.7,3110000.0,166110000.0,2500000000.0,1810000000.0,64590000.0,2160000.0,756990000.0,199810.0,5303159810.0
351,21352.3,3670000.0,272510000.0,3450000000.0,9510000000.0,116120000.0,3270000.0,1110000000.0,310740.0,14465880740.0
352,22823.3,2630000.0,274520000.0,1960000000.0,4750000000.0,46590000.0,2040000.0,705000000.0,131800.0,7740911800.0
353,23127.6,2170000.0,245570000.0,1500000000.0,4570000000.0,26200000.0,4120000.0,570480000.0,133880.0,6918673880.0
354,23843.6,2110000.0,280200000.0,1230000000.0,23480000000.0,32290000.0,4480000.0,571960000.0,114090.0,25601154090.0
355,23474.1,1880000.0,293550000.0,1570000000.0,32479999999.999996,75630000.0,4550000.0,700210000.0,154690.0,35125974690.0
356,22730.4,2120000.0,288420000.0,2960000000.0,8850000000.0,56570000.0,3570000.0,777260000.0,130750.0,12938070750.0
357,23820.8,2200000.0,333880000.0,8380000000.000001,8029999999.999999,51540000.0,3940000.0,1200000000.0,178470.0,18001738470.0
358,23253.2,1720000.0,286680000.0,6510000000.0,6350000000.0,40560000.0,3000000.0,1090000000.0,104590.0,14282064590.0
359,23728.7,1700000.0,283850000.0,6000000000.0,5340000000.0,24940000.0,2600000.0,983160000.0,2400.0,12636252400.0
360,24714.7,1940000.0,314650000.0,3000000000.0,5180000000.0,25850000.0,2420000.0,913690000.0,155770.0,9438705770.0
361,26460.3,2310000.0,367210000.0,2810000000.0,5620000000.0,36940000.0,3750000.0,1180000000.0,231230.0,10020441230.0
362,26259.2,2750000.0,311090000.0,2760000000.0,3590000000.0,48510000.0,4120000.0,1290000000.0,126980.0,8006596980.0
363,27065.3,1820000.0,288180000.0,7620000000.0,3420000000.0,58700000.0,7020000.0,2109999999.9999998,119570.0,13505839570.0
364,27374.5,1860000.0,275550000.0,4720000000.0,3430000000.0,56510000.0,2420000.0,1180000000.0,159820.0,9666499820.0
365,28866.8,1040000.0,232210000.0,2810000000.0,3050000000.0,68150000.0,1890000.0,731460000.0,136690.0,6894886690.0
